Website,Company Name,Ticker,Exchange
https://www.37capitalinc.com,37 Capital Inc.,JJJ,CSE
https://www.55northmining.com,55 North Mining Inc.,FFF,CSE
https://www.abitibimetals.com,Abitibi Metals Corp.,AMQ,CSE
,Acme Gold Company Limited,AGE,CSE
https://acmelithium.com,ACME Lithium Inc.,ACME,CSE
https://www.adelphimetals.com,Adelphi Metals Inc.,ADP,CSE
https://adonisminerals.com/,Adonis Minerals Corp.,ADON,CSE
https://advancedgoldexploration.com,Advanced Gold Exploration Inc.,AUEX,CSE
https://affinitymetals.ca,Affinity Metals Corp.,AFF,CSE
https://ajnresources.com,AJN Resources Inc.,AJN,CSE
https://www.aleriogold.com,Alerio Gold Corp.,ALE,CSE
https://almagoldinc.com,Alma Gold Inc.,ALMA,CSE
https://american-copper.com,American Copper Development Corporation,ACDX,CSE
,American Critical Elements Inc.,ACRE,CSE
https://www.acmineralscorp.com,American Critical Minerals Corp. (formerly was KCL/American Potash Corp. until 2024-12-20),KCLI,CSE
https://www.americanpacific.ca,American Pacific Mining Corp.,USGD,CSE
https://americansalars.com,American Salars Lithium Inc.,USLI,CSE
https://americantungstencorp.com,American Tungsten Corp. (formerly was DEME/Demesne Resources Ltd. until 2025-01-22),TUNG,CSE
https://ameriwestlithium.com,Ameriwest Lithium Inc.,AWLI,CSE
https://www.anterosmetals.com,Anteros Metals Inc.,ANT,CSE
https://apexcriticalmetals.com/,Apex Critical Metals Corp. (formerly was EBR/Eagle Bay Resources Corp. until 2024-04-30),APXC,CSE
https://appiareu.com,Appia Rare Earths & Uranium Corp,API,CSE
https://www.arcticfoxlithium.com,Arctic Fox Lithium Corp.,AFX,CSE
https://www.aresmining.com,Ares Strategic Mining Inc.,ARS,CSE
https://argogold.com,Argo Gold Inc.,ARQ,CSE
https://argyleresourcescorp.com/,Argyle Resources Corp.,ARGL,CSE
https://www.speyresources.ca,Armory Mining Corp. (formerly was SPEY/Spey Resources Corp. until 2024-11-18),ARMY,CSE
https://www.asantegold.com,Asante Gold Corporation,ASE,CSE
https://ashleygoldcorp.com,Ashley Gold Corp,ASHL,CSE
https://www.atcomining.com,Atco Mining Inc.,ATCM,CSE
https://athenagoldcorp.com,Athena Gold Corporation,ATHA,CSE
https://auricminerals.com/,Auric Minerals Corp.,AUMC,CSE
https://aurwestresources.com,Aurwest Resources Corporation,AWR,CSE
,Auxico Resources Canada Inc.,AUAG,CSE
https://www.avantigoldcorp.com,Avanti Gold Corp.,AGC,CSE
,Avarone Metals Inc.,AVM.X,CSE
https://barrancogold.com/,Barranco Gold Mining Corp.,BAR,CSE
https://basinuranium.ca,Basin Uranium Corp,NCLR,CSE
https://batteryxmetals.com,Battery X Metals Inc.,BATX,CSE
https://bayridgeresources.com/,Bayridge Resources Corp.,BYRG,CSE
https://beyondlithium.ca,Beyond Lithium Inc.,BY,CSE
https://www.bgxcorp.com/,BGX - Black Gold Exploration Corp.,BGX,CSE
https://www.biggold.ca,Big Gold Inc.,BG,CSE
https://bigredmining.com,Big Red Mining Corp.,RED,CSE
https://blackbirdmetals.ca/,Blackbird Critical Metals Corp.,BBRD,CSE
https://blastresources.com,Blast Resources Inc.,BLST,CSE
https://bluelagoonresources.com,Blue Lagoon Resources Inc.,BLLG,CSE
https://www.boltmetals.com,Bolt Metals Corp.,BOLT,CSE
https://borealgold.ca/,Boreal Gold Inc.,BGLD,CSE
,BRS Resources Ltd.,BRS,CSE
https://www.burrellresources.com,Burrell Resources Inc.,BURY,CSE
https://buscandoresources.com/,Buscando Resources Corp.,BRCO.X,CSE
https://cameoresourcesinc.com,Cameo Resources Inc.,MEO,CSE
https://www.canadiancopper.com,Canadian Copper Inc.,CCI,CSE
,Canadian GoldCamps Corp.,CAMP,CSE
https://canadian-metals.com,Canadian Metals Inc.,CME,CSE
,Canamera Energy Metals Corp.,EMET,CSE
https://canamexgold.com/,Canamex Gold Corp.,CSQ,CSE
https://canarygold.ca,Canary Gold Corp.,BRAZ,CSE
https://www.canterresources.com/,Canter Resources Corp,CRC,CSE
https://capelithium.com/,Cape Lithium Corp. (formerly was MML/Moonbound Mining Ltd. until 2024-09-11),CLI,CSE
https://caprockmining.com,Caprock Mining Corp,CAPR,CSE
https://www.carlylecommodities.com,Carlyle Commodities Corp.,CCC,CSE
https://carmanahcorp.ca,Carmanah Minerals Corp.,CARM,CSE
,Carson River Ventures Corp.,CRIV,CSE
https://cartiersilvercorp.com,Cartier Silver Corporation,CFE,CSE
https://cascadasilver.com,Cascada Silver Corp.,CSS,CSE
https://www.cascadecopper.com,Cascade Copper Corp.,CASC,CSE
https://catstrategic.com,CAT Strategic Metals Corporation,CAT,CSE
https://cdnmaverick.com,CDN Maverick Capital Corp,CDN,CSE
https://pascoresources.com,Cerro de Pasco Resources Inc.,CDPR,CSE
https://www.cegmining.com,Cerro Grande Mining Corporation,CEG,CSE
https://www.champem.com,Champion Electric Metals Inc.,LTHM,CSE
https://claritymetals.com,Clarity Metals Corp.,CMET,CSE
https://class1nickel.com,Class 1 Nickel and Technologies Limited,NICO,CSE
,CMP Mining Inc.,CMP,CSE
https://cmxgoldandsilver.com,CMX Gold & Silver Corp.,CXC,CSE
https://collectivemetalsinc.com/,Collective Metals Inc.,COMT,CSE
https://interracoppercorp.com,Copper Quest Exploration Inc. (formerly was IMCX/Interra Copper Corp until 2025-02-28),CQX,CSE
https://copperstandard.com,Copper Standard Resources Inc.,CSR,CSE
https://copperheadresourcesinc.com/,Copperhead Resources Inc.,CUH,CSE
https://corcelexploration.com/,Corcel Exploration Inc,CRCL,CSE
https://coreassetscorp.com,Core Assets Corp.,CC,CSE
https://www.corenickel.com/,Core Nickel Corp.,CNCO,CSE
https://crestviewexploration.com,Crestview Exploration Inc.,CRS,CSE
https://madisonmetals.ca,Critical One Energy Inc. (formerly was GREN/Madison Metals Inc. until 2024-12-20),CRTL,CSE
https://www.crpc-corp.com,Critical Reagent Processing Corp.,CRPC,CSE
https://www.crossriverventures.com,Cross River Ventures Corp.,CRVC,CSE
https://www.cruzbatterymetals.com,Cruz Battery Metals Corp.,CRUZ,CSE
https://www.cullinanmetals.com,Cullinan Metals Corp,CMT,CSE
https://cupanimetals.com,Cupani Metals Corp. (formerly was IC/IC Capitalight Corp. until 2024-12-13),CUPA,CSE
https://darkstarminerals.com,Dark Star Minerals Inc.,BATT,CSE
https://www.deeprockmineralsinc.com,DeepRock Minerals Inc.,DEEP,CSE
https://www.discoverylithium.com,Discovery Lithium Inc.,DCLI,CSE
,Double Deuce Exploration Corp.,DD,CSE
https://www.dunbarmetals.com,Dunbar Metals Corp.,DMC,CSE
https://www.eagleroyalties.com,Eagle Royalties Ltd.,ER,CSE
https://eagleonemetals.com/,EagleOne Metals Corporation,EAGL,CSE
https://earthwiseminerals.com,Earthwise Minerals Corp.,WISE,CSE
https://www.eco-oro.com,ECO ORO MINERALS CORP. J,EOM,CSE
https://edgemontgold.com,Edgemont Gold Corp.,EDGM,CSE
https://www.element79.gold,Element79 Gold Corp.,ELEM,CSE
https://www.empmetals.com,EMP Metals Corp.,EMPS,CSE
https://emperormetals.com,Emperor Metals Inc.,AUOZ,CSE
https://www.e-powerresources.com,E-Power Resources Inc.,EPR,CSE
https://esgold.com,ESGold Corp.,ESAU,CSE
https://etruscusresources.com,Etruscus Resources Corp.,ETR,CSE
https://scoutmineralscorp.com,Eureka Lithium Corp.,ERKA,CSE
https://www.evmineralscorp.ca,EV Minerals Corporation,EVM,CSE
,Evolution Global Frontier Ventures Corp.,EGFV,CSE
https://www.exploitsdiscovery.com,Exploits Discovery Corp.,NFLD,CSE
https://adiaresources.com/,Fabled Copper Corp.,FABL,CSE
https://fathomnickel.com,Fathom Nickel Inc.,FNI,CSE
https://fenixoro.com/,FenixOro Gold Corp.,FENX,CSE
https://firstamericanuranium.com,First American Uranium Inc.,URM,CSE
https://firstlithium.ca,First Lithium Minerals Corp.,FLM,CSE
https://www.firstphosphate.com,First Phosphate Corp.,PHOS,CSE
https://firsttellurium.com,First Tellurium Corp.,FTEL,CSE
https://flowmetals.com,Flow Metals Corp.,FWM,CSE
https://foremostcleanenergy.com,Foremost Clean Energy Ltd.,FAT,CSE
https://www.forgeresourcescorp.com,Forge Resources Corp. (formerly was BNN/Benjamin Hill Mining Corp until 2024-04-19),FRG,CSE
,Formation Metals Inc.,FOMO,CSE
https://forteminerals.com,Forte Minerals Corp,CUAU,CSE
https://www.fortypillars.ca,Forty Pillars Mining Corp.,PLLR,CSE
https://www.fourninesgold.ca,Four Nines Gold Inc.,FNAU,CSE
https://fox-river.ca,Fox River Resources Corporation,FOX,CSE
https://freebatterymetal.com,Free Battery Metal Limited,FREE,CSE
https://gallopergold.com/,Galloper Gold Corp.,BOOM,CSE
https://gandergold.com,Gander Gold Corporation,GAND,CSE
https://gelumresources.com,Gelum Resources Ltd.,GMR,CSE
https://www.generalgold.ca,General Copper Gold Corp.,GGLD,CSE
https://genericgold.ca,Generic Gold Corp.,GGC,CSE
https://geologicaresource.com,Geologica Resource Corp.,GRCM,CSE
https://www.getchellgold.com,Getchell Gold Corp.,GTCH,CSE
https://www.giantminingcorp.com,Giant Mining Corp. (formerly was JUBA/Majuba Hill Copper Corp. until 2024-04-03),BFG,CSE
https://glenstar.ca,Glenstar Ventures Inc.,GSTR,CSE
https://globalhelium.com,Global Helium Corp.,HECO,CSE
https://globalli-iongraphite.com,Global Li-Ion Graphite Corp.,LION,CSE
,Global Tactical Metals Corp. (formerly was MONI/Global Defence Metals Corp. until 2025-02-26),MONI,CSE
https://www.globaluranium.com,Global Uranium Corp.,GURN,CSE
https://gometals.ca,Go Metals Corp,GOCO,CSE
https://www.golcapresources.com,Golcap Resources Corp.,GCP,CSE
https://gdresourcesinc.com,Gold Digger Resources Inc.,GDIG,CSE
https://goldhunterresources.com,Gold Hunter Resources Inc,HUNT,CSE
https://www.goldportcorporation.com,Gold Port Corporation,GPO,CSE
https://goldenageexploration.com,Golden Age Exploration Ltd.,GDN,CSE
https://goldencariboo.com,Golden Cariboo Resources Ltd.,GCC,CSE
https://www.goldenlakex.com,Golden Lake Exploration Inc.,GLM,CSE
https://goldenrapturemining.com,Golden Rapture Mining Corporation,GLDR,CSE
https://www.goldenshield.ca,Golden Shield Resources Inc.,GSRI,CSE
https://www.goldenspikeresources.com,Golden Spike Resources Corp,GLDS,CSE
https://goldnfuturesmineralcorp.com,Gold'Futures Mineral Corp.,FUTR,CSE
https://goldhavenresources.com/,GoldHaven Resources Corp.,GOH,CSE
https://www.goldrea.com,Goldrea Resources Corp.,GOR,CSE
https://www.graycliffexploration.com,Graycliff Exploration Limited,GRAY,CSE
https://www.greateaglegold.com/,Great Eagle Gold Corp.,GEGC,CSE
https://www.greatnorthernenergymetals.com,Great Northern Energy Metals Inc.,GNEM,CSE
https://greatrepublic.ca/,Great Republic Mining Corp.,GRM,CSE
https://www.greenbridgemetals.com,Green Bridge Metals Corporation,GRBM,CSE
https://www.greenrivergold.com,Green River Gold Corp.,CCR,CSE
https://www.greenlandresources.ca,Greenhawk Resources Inc.,GRHK,CSE
https://greenridge-exploration.com/,Greenridge Exploration Inc.,GXP,CSE
https://makaramining.com,Hardcore Discoveries Ltd.,HARD,CSE
https://www.hawthornresources.ca,Hawthorn Resources Corp.,HWTN,CSE
https://headwatergold.com,Headwater Gold Inc.,HWG,CSE
https://herculesresourcescorp.com,Hercules Resources Corp.,HERC,CSE
https://heritagemining.ca,Heritage Mining Ltd.,HML,CSE
https://hertz-energy.com,Hertz Energy Inc.,HZ,CSE
https://hightideresources.com,High Tide Resources Corp.,HTRC,CSE
https://www.highlandersilver.com,Highlander Silver Corp.,HSLV,CSE
https://www.highrockresources.ltd,Highrock Resources Ltd.,HRK,CSE
https://hiviewresources.com/,Hi-View Resources Inc,HVW,CSE
https://hmexploration.com/,HM Exploration Corp.,HM,CSE
https://www.inflectionresources.com,Inflection Resources Ltd.,AUCU,CSE
https://www.inspiration.energy,Inspiration Energy Corp.,ISP,CSE
https://integralmetals.com/,Integral Metals Corp.,INTG,CSE
https://www.irvresources.com,Irving Resources Inc.,IRV,CSE
https://kingcse.com,King Global Ventures Inc.,KING,CSE
https://www.kingsviewminerals.ca,Kingsview Minerals Ltd.,KVM,CSE
https://www.kogoldnz.com,KO Gold Inc.,KOG,CSE
https://www.kobreaexploration.com/,Kobrea Exploration Corp.,KBX,CSE
https://www.krakenenergycorp.com,Kraken Energy Corp.,UUSA,CSE
https://www.kuyasilver.com,Kuya Silver Corporation,KUYA,CSE
https://canadachrome.com,KWG Resources Inc.,CACR,CSE
,KWG Resources Inc. MVS,CACR.A,CSE
,La Imperial Resources Inc.,LAI.X,CSE
https://lafleurminerals.com,LaFleur Minerals Inc. (formerly was QBC/Quebec Pegmatite Holdings Corp. until 2024-06-28),LFLR,CSE
https://lancaster-resources.com,Lancaster Resources Inc.,LCR,CSE
https://leocormining.com,Leocor Mining Inc. (formerly was LECR/Leocor Gold Inc. until 2025-01-21),LECR,CSE
https://www.leopardlake.ca,Leopard Lake Gold Corp.,LP,CSE
https://lexston.ca,Lexston Mining Corporation,LEXT,CSE
https://www.LFNT.ca,LFNT Resources Corp.,LFNT,CSE
,Lida Resources Inc.,LIDA,CSE
https://febatterymetals.com,Linear Minerals Corp. (formerly was FE/FE Battery Metals Corp. until 2024-12-30),LINE,CSE
https://www.lioncg.com,Lion Copper and Gold Corp.,LEO,CSE
https://www.liveenergyminerals.com,Live Energy Minerals Corp.,LIVE,CSE
https://loyalistexp.ca,Loyalist Exploration Limited.,PNGC,CSE
,Mabel Ventures Inc.,MBL,CSE
https://www.makenitaresources.com/,Makenita Resources Inc.,KENY,CSE
https://manning-ventures.com,Manning Ventures Inc.,MANN,CSE
https://www.maxpowermining.com,Max Power Mining Corp,MAXX,CSE
https://www.mayolakeminerals.com,Mayo Lake Minerals Inc.,MLKM,CSE
https://www.mclarenresources.com,McLaren Resources Inc.,MCL,CSE
https://medaromining.com,Medaro Mining Corp.,MEDA,CSE
https://megawattmetals.com,MegaWatt Lithium and Battery Metals Corp.,MEGA,CSE
https://www.mercadominerals.com/,Mercado Minerals Ltd. (formerly was HMC/Heartfield Mining Corp until 2024-11-14),MERC,CSE
https://www.meryllionresources.com,Meryllion Resources Corporation,MYR,CSE
https://www.metaliteresources.com,Metalite Resources Inc.,METL,CSE
https://www.metalsourcemining.com,Metalsource Mining Inc.,MSM,CSE
https://miatametals.com/,Miata Metals Corp.,MMET,CSE
https://www.militarymetalscorp.com,Military Metals Corp. (formerly was XONE/X1 Entertainment Group Inc. until 2024-08-19),MILI,CSE
https://minasmetals.ca,Minas Metals Ltd.,MINA,CSE
https://www.minera-irl.com,Minera IRL Limited,MIRL,CSE
https://mineralroad.ca,Mineral Road Discovery Inc. (formerly was CRES/Crest Resources Inc. until 2024-09-06),ROAD,CSE
https://mistango.com,Mistango River Resources Inc.,MIS,CSE
https://www.moltenmetalscorp.com,Molten Metals Corp.,MOLT,CSE
https://mongoosemining.com,Mongoose Mining Ltd.,MNG,CSE
https://www.montegoresources.ca,Montego Resources Inc.,MY,CSE
https://www.mosaicminerals.ca,Mosaic Minerals Corp.,MOC,CSE
https://www.muskmetals.ca,Musk Metals Corp,MUSK,CSE
https://www.mustangenergy.ca,Mustang Energy Corp.,MEC,CSE
https://muzhumining.ca,Muzhu Mining Ltd.,MUZU,CSE
https://myriaduranium.com,Myriad Uranium Corp.,M,CSE
https://nationgold.ca,Nation Gold Corp,NATN,CSE
https://neotechmetals.com/,Neotech Metals Corp.,NTMC,CSE
https://www.silvereaglemines.com,Nevada Organic Phosphate Inc.,NOP,CSE
https://www.newbreakresources.ca,New Break Resources Ltd.,NBRK,CSE
https://newfoundlanddiscovery.ca,Newfoundland Discovery Corp.,NEWD,CSE
https://newpathresources.com,Newpath Resources Inc.,PATH,CSE
https://www.newterraresources.com,Newterra Resources Inc.,NT,CSE
,Nexco Resources Inc.,NXU.X,CSE
https://www.nexusuranium.com,Nexus Uranium Corp.,NEXU,CSE
https://ninemilemetals.com,Nine Mile Metals Ltd.,NINE,CSE
https://brascanresources.com,Nordique Resources Inc.,NORD,CSE
https://norsemont.com,Norsemont Mining Inc.,NOM,CSE
https://www.northvalleyresources.ca,North Valley Resources Ltd.,NVR,CSE
https://northernlightsresources.com,Northern Lights Resources Corp.,NLR,CSE
https://www.northstargoldcorp.com,Northstar Gold Corp.,NSG,CSE
https://northxnickel.com,NorthX Nickel Corp. (formerly was RCHR/Archer Exploration Corp. until 2024-04-30),NIX,CSE
https://www.novapacificmetals.com/,Nova Pacific Metals Corp. (formerly was NVLI/Nova Lithium Corp. until 2024-07-10),NVPC,CSE
https://nsjgold.com,NSJ Gold Corp.,NSJ,CSE
https://nuclearfuels.energy,Nuclear Fuels Inc.,NF,CSE
https://www.nuinsco.ca,Nuinsco Resources Limited,NWI,CSE
https://www.oberonuranium.com,Oberon Uranium Corp.,OBRN,CSE
https://www.omegapacific.ca,Omega Pacific Resources Inc.,OMGA,CSE
https://oneworldlithium.com,One World Lithium Inc.,OWLI,CSE
https://origenresources.com,Origen Resources Inc.,ORGN,CSE
https://pampametals.com,Pampa Metals Corporation,PM,CSE
https://panam-energy.com,Pan American Energy Corp.,PNRG,CSE
https://pantherminerals.ca,Panther Minerals Inc. (formerly was LLM/Lithium Lion Metals Inc. until 2024-04-18),PURR,CSE
https://www.pasinex.com,Pasinex Resources Limited,PSE,CSE
https://www.patriotgoldcorp.com,Patriot Gold Corp.,PGOL,CSE
https://peakminerals.com/,Peak Minerals Ltd.,PEK,CSE
https://www.pedroresources.com,Pedro Resources Ltd.,VBN,CSE
https://pegmatiteone.com,Pegmatite One Lithium and Gold Corp.,PGA,CSE
https://pelotonminerals.com,Peloton Minerals Corporation,PMC,CSE
https://planetgreenmetals.com,Planet Green Metals Inc. (formerly was FZ/Forza Lithium Corp. until 2024-04-08),PGR,CSE
https://plutoventures.ca/,Pluto Ventures Inc.,PLTO,CSE
,Powermax Minerals Inc.,PMAX,CSE
https://www.powerstonemetals.com,PowerStone Metals Corp.,PS,CSE
https://www.powrlithium.com,POWR Lithium Corp.,POWR,CSE
,Prisma Exploration Inc,PMS,CSE
https://www.prismometals.com,Prismo Metals Inc,PRIZ,CSE
https://www.prospectridgeresources.com,Prospect Ridge Resources Corp.,PRR,CSE
https://weekapaug.ca,Protium Clean Energy Corp. (formerly was GRUV/Weekapaug Lithium Limited until 2024-11-05),GRUV,CSE
https://www.provenancegold.com,Provenance Gold Corp.,PAU,CSE
https://www.prudentminerals.com,Prudent Minerals Corp.,PRUD,CSE
https://puraniumenergy.com,Puranium Energy Ltd.,UX,CSE
https://www.qmetalscorp.com,Q Precious & Battery Metals Corp.,QMET,CSE
,QNB Metals Inc.,TIM.X,CSE
https://www.quantumbatterymetals.com,Quantum Battery Metals Corp,QBAT,CSE
https://www.quebecsilica.com,Quebec Innovative Materials Corp.,QIMC,CSE
https://www.quebecnickel.com,Quebec Nickel Corp,QNI,CSE
https://www.qree.ca,Quebec Rare Earth Elements Corp.,QREE,CSE
https://www.questcriticalmetals.com,Quest Critical Metals Inc.,BULL,CSE
https://questcorpmining.ca,Questcorp Mining Inc.,QQQ,CSE
https://www.quimbayagold.com,Quimbaya Gold Inc.,QIM,CSE
https://raincityresources.com,Rain City Resources Inc.,RAIN,CSE
https://www.redcanyonresources.com/,Red Canyon Resources Ltd.,REDC,CSE
https://www.redlakegold.ca,Red Lake Gold Inc.,RGLD,CSE
https://www.redmetalresources.com,Red Metal Resources Ltd.,RMES,CSE
https://refinedenergy.com,Refined Energy Corp. (formerly was RMC/Refined Metals Corp. until 2024-03-19),RUU,CSE
https://reflexmaterials.com,Reflex Advanced Materials Corp.,RFLX,CSE
https://www.renforthresources.com,Renforth Resources Inc.,RFR,CSE
https://www.recentrix.com/,Resource Centrix Holdings Inc.,RECE,CSE
,Rift Valley Resources Corp.,RVR,CSE
https://www.riogranderesources.ca/,Rio Grande Resources Ltd.,RGR,CSE
https://www.risegoldcorp.com,Rise Gold Corp.,RISE,CSE
https://robertoresources.com,Roberto Resources Inc.,RBTO,CSE
https://www.rockexmining.com,Rockex Mining Corporation,RXM,CSE
https://www.rocklandresources.com,Rockland Resources Ltd,RKL,CSE
https://www.rockyshoregold.com,Rocky Shore Gold Ltd. (formerly was HMLO/Hemlo Explorers Inc. until 2025-02-07),RSG,CSE
https://www.rottenstonegold.com,Rottenstone Gold Inc. (formerly was SNR/79 Resources Ltd. until 2024-12-20),SK,CSE
https://rumbleresources.com.au/,Rumble Resources Inc.,RB,CSE
https://www.rushraremetals.com,Rush Rare Metals Corp.,RSH,CSE
https://www.s2minerals.com,S2 Minerals Inc.,STWO,CSE
https://southamericanlithium.com/,SALi Lithium Corp.,SALI,CSE
https://sankamap.com/,Sankamap Metals Inc. (formerly was MRN/Maclaren Minerals Ltd. until 2025-03-10),SCU,CSE
https://www.sanugoldcorp.com,Sanu Gold Corp.,SANU,CSE
https://sasquatchresources.com,Sasquatch Resources Corp.,SASQ,CSE
https://sassygold.com,Sassy Gold Corp.,SASY,CSE
https://www.scotch-creek.com,Scotch Creek Ventures Inc.,SCV,CSE
https://seahawkgoldcorp.com,Seahawk Gold Corp.,SEAG,CSE
https://www.serrametals.com,Serra Energy Metals Corp.,SEEM,CSE
,Showcase Minerals Inc.,SHOW,CSE
https://sierragrande.ca,Sierra Grande Minerals Inc.,SGRO,CSE
https://siliconmetalscorp.com,Silicon Metals Corp.,SI,CSE
https://silverdollarresources.com,Silver Dollar Resources Inc.,SLV,CSE
https://silverhammermining.com,Silver Hammer Mining Corp,HAMR,CSE
https://www.silversandscorp.com,Silver Sands Resources Corp.,SAND,CSE
https://silverstockmetals.com,Silverstock Metals Inc.,STK,CSE
https://www.sixtynorthgold.com,Sixty North Gold Mining Inc.,SXTY,CSE
https://www.zinccorp.ca,Slave Lake Zinc Corp,SLZ,CSE
https://sorrentoresources.ca,Sorrento Resources Ltd.,SRS,CSE
https://www.spearmintresources.ca,Spearmint Resources Inc.,SPMT,CSE
https://www.spodlithiumcorp.com,Spod Lithium Corp.,SPOD,CSE
https://starcopper.com,Star Copper Corp. (formerly was ALCU/Alpha Copper Corp until 2025-02-20),STCU,CSE
,Starlo Ventures Ltd.,SLO,CSE
https://starmetventures.com/,Starmet Ventures Inc.,STAR,CSE
https://www.steadright.ca,Steadright Critical Minerals Inc.,SCM,CSE
,Stearman Resources Inc.,STMN,CSE
https://stgeorgesecomining.com,St-Georges Eco-Mining Corp.,SX,CSE
https://www.strategxcorp.com,StrategX Elements Corp.,STGX,CSE
https://supercopper.com/,Super Copper Corp.,CUPR,CSE
https://www.supernovametals.com,Supernova Metals Corp.,SUPR,CSE
https://www.ticfco.com,Talent Infinity Resource Developments Inc.,TICO,CSE
https://www.talmoradiamond.com,Talmora Diamond Inc.,TAI,CSE
https://tanaresources.ca,Tana Resources Corp.,TANA,CSE
https://www.tantalexlithium.com,Tantalex Lithium Resources Corporation,TTX,CSE
https://tarachigold.com,Tarachi Gold Corp.,TRG,CSE
https://targaexploration.com,Targa Exploration Corp.,TEX,CSE
https://www.tartisannickel.com,Tartisan Nickel Corp.,TN,CSE
https://taurusgold.ca,Taurus Gold Corp.,TAUR,CSE
https://teakominerals.com,Teako Minerals Corp.,TMIN,CSE
https://temasresources.com,Temas Resources Corp.,TMAS,CSE
https://terrabresources.com,Terra Balcanica Resources Corp.,TERA,CSE
https://www.tcec.energy,Terra Clean Energy Corp.,TCEC,CSE
https://tocvan.com,Tocvan Ventures Corp.,TOC,CSE
,Torrent Gold Inc.,TGLD,CSE
https://tractionuranium.com/,Traction Uranium Corp.,TRAC,CSE
https://www.mlkgold.com,Triple One Metals Inc.,TONE,CSE
https://www.trojangold.com,Trojan Gold Inc.,TGII,CSE
https://www.troyminerals.com,Troy Minerals Inc.,TROY,CSE
https://www.ubiqueminerals.com,Ubique Minerals Limited,UBQ,CSE
https://unitedlithium.com,United Lithium Corp.,ULTH,CSE
https://www.uranoenergy.com,Urano Energy Corp. (formerly was CTOC/C2C Metals Corp. until 2024-11-01),UE,CSE
https://uscmcorp.com,US Critical Metals Corp.,USCM,CSE
https://recharge-resources.com,Vanguard Mining Corp. (formerly was RR/Recharge Resources Ltd. until 2025-03-06),UUU,CSE
https://viridianmetals.com,Viridian Metals Corp.,VRDN,CSE
https://vitalbatterymetals.com,Vital Battery Metals Inc.,VBAM,CSE
https://volatuscapitalcorp.com,Volatus Capital Corp.,VC,CSE
https://www.voltametals.ca,Volta Metals Ltd.,VLTA,CSE
https://voltagemetals.com,Voltage Metals Corp.,VOLT,CSE
https://vortexenergycorp.com,Vortex Energy Corp.,VRTX,CSE
https://voyageurexplorers.com,Voyageur Mineral Explorers Corp.,VOY,CSE
https://www.warabagold.com,Waraba Gold Limited,WBGD,CSE
https://wedgemountresources.com,Wedgemount Resources Corp,WDGY,CSE
https://www.westminingcorp.ca,West Mining Corp.,WEST,CSE
https://westernstarresources.com,Western Star Resources Inc.,WSR,CSE
https://western-uranium.com,Western Uranium & Vanadium Corp.,WUC,CSE
https://www.westmountminerals.com,Westmount Minerals Corp,WMC,CSE
https://westwardgold.com,Westward Gold Inc.,WG,CSE
https://xciteresources.com,Xcite Resources Inc.,XRI,CSE
https://yorkharbourmetals.com,York Harbour Metals Inc.,YORK,CSE
https://yukonmetals.com,Yukon Metals Corp.,YMC,CSE
https://www.zeusminingcorp.com,Zeus North America Mining Corp.,ZEUS,CSE
https://www.agnicoeagle.com,Agnico Eagle Mines Limited,AEM,TSX
https://www.alamosgold.com,Alamos Gold Inc.,AGI,TSX
https://alliedgold.com,Allied Gold Corporation,AAUC,TSX
https://www.almadenminerals.com,Almaden Minerals Ltd.,AMM,TSX
https://almonty.com,Almonty Industries Inc.,AII,TSX
https://www.altacopper.com,Alta Copper Corp.,ATCU,TSX
https://altiusminerals.com,Altius Minerals Corporation,ALS,TSX
https://www.americas-gold.com,Americas Gold and Silver Corporation,USA,TSX
https://www.amerigoresources.com,Amerigo Resources Ltd.,ARG,TSX
https://www.andeanpm.com,Andean Precious Metals Corp.,APM,TSX
https://www.aris-mining.com,Aris Mining Corporation,ARIS,TSX
https://www.arizonametalscorp.com,Arizona Metals Corp.,AMC,TSX
https://arizonasonoran.com,Arizona Sonoran Copper Company Inc.,ASCU,TSX
https://www.ascendantresources.com,Ascendant Resources Inc.,ASND,TSX
https://ascotgold.com,Ascot Resources Ltd.,AOT,TSX
https://www.augustagold.com,Augusta Gold Corp.,G,TSX
https://www.auraminerals.com,Aura Minerals Inc.,ORA,TSX
https://www.avalonadvancedmaterials.com,Avalon Advanced Materials Inc.,AVL,TSX
https://www.avino.com,Avino Silver & Gold Mines Ltd.,ASM,TSX
https://ayagoldsilver.com,Aya Gold & Silver Inc.,AYA,TSX
https://www.b2gold.com,B2Gold Corp.,BTO,TSX
https://www.barrick.com,Barrick Gold Corporation,ABX,TSX
https://www.belosun.com,Belo Sun Mining Corp.,BSX,TSX
https://blackiron.com,Black Iron Inc.,BKI,TSX
https://calibremining.com,Calibre Mining Corp.,CXB,TSX
https://www.cameco.com,Cameco Corporation,CCO,TSX
https://www.canagoldresources.com,Canagold Resources Ltd.,CCM,TSX
https://capstonecopper.com,Capstone Copper Corp.,CS,TSX
https://www.centerragold.com,Centerra Gold Inc.,CG,TSX
https://centuryglobal.ca,Century Global Commodities Corporation,CNT,TSX
https://www.championiron.com,Champion Iron Limited,CIA,TSX
https://www.chinagoldintl.com,China Gold International Resources Corp. Ltd.,CGG,TSX
https://www.collectivemining.com,Collective Mining Ltd.,CNL,TSX
https://coppernicometals.com/,Coppernico Metals Inc.,COPR,TSX
https://denisonmines.com,Denison Mines Corp.,DML,TSX
https://discoverysilver.com,Discovery Silver Corp.,DSV,TSX
https://dundeeprecious.com,Dundee Precious Metals Inc.,DPM,TSX
https://www.dynacor.com,Dynacor Group Inc.,DNG,TSX
https://www.eastplats.com,Eastern Platinum Limited,ELR,TSX
https://www.ecora-resources.com,Ecora Resources plc,ECOR,TSX
https://www.eldoradogold.com,Eldorado Gold Corporation,ELD,TSX
https://elororesources.com,Eloro Resources Ltd.,ELO,TSX
https://www.endeavourmining.com,Endeavour Mining plc,EDV,TSX
https://www.edrsilver.com,Endeavour Silver Corp.,EDR,TSX
https://www.energyfuels.com,Energy Fuels Inc.,EFR,TSX
https://entreeresourcesltd.com,Entree Resources Ltd.,ETG,TSX
https://www.equinoxgold.com,Equinox Gold Corp.,EQX,TSX
https://www.erdene.com,Erdene Resource Development Corporation,ERD,TSX
https://erocopper.com,Ero Copper Corp.,ERO,TSX
https://www.eurosunmining.com,Euro Sun Mining Inc.,ESM,TSX
https://excellonresources.com,Excellon Resources Inc.,EXN,TSX
https://www.faradaycopper.com,Faraday Copper Corp.,FDY,TSX
https://www.fireflymetals.com.au,FireFly Metals Ltd.,FFM,TSX
https://www.firstmajestic.com,First Majestic Silver Corp.,AG,TSX
https://www.firstmininggold.com,First Mining Gold Corp.,FF,TSX
https://www.first-quantum.com,First Quantum Minerals Ltd.,FM,TSX
https://foranmining.com,Foran Mining Corporation,FOM,TSX
https://www.forsysmetals.com,Forsys Metals Corp.,FSY,TSX
https://www.fortunamining.com,Fortuna Mining Corp.,FVI,TSX
https://www.fortuneminerals.com,Fortune Minerals Limited,FT,TSX
https://www.franco-nevada.com,Franco-Nevada Corporation,FNV,TSX
https://freegoldventures.com,Freegold Ventures Limited,FVL,TSX
https://www.furygoldmines.com,Fury Gold Mines Limited,FURY,TSX
https://www.gmin.gold,G Mining Ventures Corp.,GMIN,TSX
https://g2goldfields.com,G2 Goldfields Inc.,GTWO,TSX
https://www.galianogold.com,Galiano Gold Inc.,GAU,TSX
https://www.genmining.com,Generation Mining Limited,GENM,TSX
https://www.globalatomiccorp.com,Global Atomic Corporation,GLO,TSX
https://www.globexmining.com,Globex Mining Enterprises Inc.,GMX,TSX
https://gogoldresources.com,GoGold Resources Inc.,GGD,TSX
https://www.gold-mountain.ca,Gold Mountain Mining Corp.,GMTN,TSX
https://www.goldspringsresource.com,Gold Springs Resource Corp.,GRC,TSX
https://www.goldenminerals.com,Golden Minerals Company,AUMN,TSX
https://www.goldmining.com,GoldMining Inc.,GOLD,TSX
https://www.gunnisoncopper.com,Gunnison Copper Corp.,GCU,TSX
https://www.hudbayminerals.com,HudBay Minerals Inc.,HBM,TSX
https://www.i80gold.com,i-80 Gold Corp.,IAU,TSX
https://www.iamgold.com,IAMGold Corporation,IMG,TSX
https://www.imperialmetals.com,Imperial Metals Corporation,III,TSX
https://www.ithmines.com,International Tower Hill Mines Ltd.,ITH,TSX
https://www.isoenergy.ca,IsoEnergy Ltd.,ISO,TSX
https://ivanhoeelectric.com,Ivanhoe Electric Inc.,IE,TSX
https://ivanhoemines.com,Ivanhoe Mines Ltd.,IVN,TSX
https://www.jaguarmining.com,Jaguar Mining Inc.,JAG,TSX
https://www.k92mining.com,K92 Mining Inc.,KNT,TSX
https://karnalyte.com,Karnalyte Resources Inc.,KRN,TSX
https://www.kinross.com,Kinross Gold Corporation,K,TSX
https://labradorironore.com,Labrador Iron Ore Royalty Corporation,LIF,TSX
https://laramide.com,Laramide Resources Ltd.,LAM,TSX
https://www.largoinc.com,Largo Inc.,LGO,TSX
https://www.libertygold.ca,Liberty Gold Corp.,LGD,TSX
https://www.lithiumamericas.com,Lithium Americas Corp.,LAC,TSX
https://www.lithium-argentina.com,Lithium Argentina AG,LAR,TSX
https://www.lithiumroyaltycorp.com,Lithium Royalty Corp.,LIRC,TSX
https://www.loncor.com,Loncor Gold Inc.,LN,TSX
https://lucaradiamond.com,Lucara Diamond Corp.,LUC,TSX
https://www.lundingold.com,Lundin Gold Inc.,LUG,TSX
https://www.lundinmining.com,Lundin Mining Corporation,LUN,TSX
https://www.magsilver.com,MAG Silver Corp.,MAG,TSX
https://mandalayresources.com,Mandalay Resources Corporation,MND,TSX
https://marimaca.com,Marimaca Copper Corp.,MARI,TSX
https://www.mcewenmining.com,McEwen Mining Inc.,MUX,TSX
https://megauranium.com,Mega Uranium Ltd.,MGA,TSX
https://meridianmining.co,Meridian Mining UK Societas,MNO,TSX
https://www.mincosilver.com,Minco Silver Corporation,MSV,TSX
https://mineros.com.co,Mineros S.A.,MSA,TSX
https://www.mountainprovince.com,Mountain Province Diamonds Inc.,MPVD,TSX
https://www.newgold.com,New Gold Inc.,NGD,TSX
https://www.newpacificmetals.com,New Pacific Metals Corp.,NUAG,TSX
https://www.newmont.com,Newmont Corporation,NGT,TSX
https://www.nexgenenergy.ca,NexGen Energy Ltd.,NXE,TSX
https://www.nextsourcematerials.com,NextSource Materials Inc.,NEXT,TSX
https://ngexminerals.com,NGEx Minerals Ltd.,NGEX,TSX
https://www.northcliffresources.com,Northcliff Resources Ltd.,NCF,TSX
https://www.northerndynastyminerals.com,Northern Dynasty Minerals Ltd.,NDM,TSX
https://nmg.com,Nouveau Monde Graphite Inc.,NOU,TSX
https://www.novagold.com,Novagold Resources Inc.,NG,TSX
https://www.novoresources.com,Novo Resources Corp.,NVO,TSX
https://www.nutrien.com,Nutrien Ltd.,NTR,TSX
https://oceanagold.com,OceanaGold Corporation,OGC,TSX
https://www.orezone.com,Orezone Gold Corporation,ORE,TSX
https://www.orlamining.com,Orla Mining Ltd.,OLA,TSX
https://www.orvana.com,Orvana Minerals Corp.,ORV,TSX
https://www.osiskogr.com,Osisko Gold Royalties Ltd.,OR,TSX
https://www.paladinenergy.com.au,Paladin Energy Ltd.,PDN,TSX
https://www.panamericansilver.com,Pan American Silver Corp.,PAAS,TSX
https://patriotbatterymetals.com,Patriot Battery Metals Inc.,PMET,TSX
https://perpetuaresources.com,Perpetua Resources Corp.,PPTA,TSX
https://www.perseusmining.com,Perseus Mining Limited,PRU,TSX
https://www.platinumgroupmetals.net,Platinum Group Metals Ltd.,PTM,TSX
https://www.primeminingcorp.ca,Prime Mining Corp.,PRYM,TSX
https://probegold.com,Probe Gold Inc.,PRB,TSX
https://www.rtgmining.com,RTG Mining Inc.,RTG,TSX
https://rupertresources.com,Rupert Resources Ltd.,RUP,TSX
https://www.sabre.gold/,Sabre Gold Mines Corp.,SGLD,TSX
https://www.sandstormgold.com,Sandstorm Gold Ltd.,SSL,TSX
https://scandiummining.com/,Scandium International Mining Corp.,SCY,TSX
https://www.seabridgegold.com,Seabridge Gold Inc.,SEA,TSX
https://www.serabigold.com,Serabi Gold plc,SBI,TSX
https://www.sherritt.com,Sherritt International Corporation,S,TSX
https://www.sierrametals.com,Sierra Metals Inc.,SMT,TSX
https://silverbearresources.com/,Silver Bear Resources plc,SBR,TSX
https://silverbullresources.com,"Silver Bull Resources, Inc.",SVB,TSX
https://silverelef.com,Silver Elephant Mining Corp.,ELEF,TSX
https://silvercorpmetals.com,Silvercorp Metals Inc.,SVM,TSX
https://silvercrestmetals.com/news/,SilverCrest Metals Inc.,SIL,TSX
https://skeenagoldsilver.com,Skeena Resources Limited,SKE,TSX
https://www.solarisresources.com,Solaris Resources Inc.,SLS,TSX
https://www.solgold.com.au,SolGold plc,SOLG,TSX
https://www.solitarioxr.com,Solitario Resources Corp.,SLR,TSX
https://www.ssrmining.com,SSR Mining Inc.,SSRM,TSX
https://www.sagcmining.com,St. Augustine Gold and Copper Limited,SAU,TSX
https://www.stardiamondcorp.com,Star Diamond Corporation,DIAM,TSX
https://www.starcore.com,Starcore International Mines Ltd.,SAM,TSX
https://steppegold.com,Steppe Gold Ltd.,STGO,TSX
https://stllrgold.com,STLLR Gold Inc.,STLR,TSX
https://www.sulliden.com,Sulliden Mining Capital Inc.,SMC,TSX
https://taliskerresources.com,Talisker Resources Ltd.,TSK,TSX
https://talonmetals.com,Talon Metals Corp.,TLO,TSX
https://www.tasekomines.com,Taseko Mines Limited,TKO,TSX
https://www.teck.com/,Teck Resources Limited,TECK,TSX
https://titanminingcorp.com,Titan Mining Corporation,TI,TSX
https://torexgold.com,Torex Gold Resources Inc.,TXG,TSX
https://www.trilogymetals.com,Trilogy Metals Inc.,TMQ,TSX
https://www.tripleflagpm.com,Triple Flag Precious Metals Corp.,TFPM,TSX
https://troilusgold.com,Troilus Gold Corp.,TLG,TSX
https://www.trxgold.com,TRX Gold Corporation,TRX,TSX
https://www.uraniumroyalty.com,Uranium Royalty Corp.,URC,TSX
https://www.ur-energy.com,Ur-Energy Inc.,URE,TSX
https://verde.ag,Verde Agritech Ltd,NPK,TSX
https://www.vistagold.com,Vista Gold Corp.,VGZ,TSX
https://vizslasilvercorp.ca,Vizsla Silver Corp.,VZLA,TSX
https://www.voxroyalty.com,Vox Royalty Corp.,VOXR,TSX
https://wallbridgemining.com,Wallbridge Mining Company Limited,WM,TSX
https://www.wesdome.com,Wesdome Gold Mines Ltd.,WDO,TSX
https://www.westerncopperandgold.com,Western Copper and Gold Corporation,WRN,TSX
https://www.westernresources.com,Western Resources Corp.,WRX,TSX
https://www.westgold.com.au,Westgold Resources Limited,WGX,TSX
https://www.wheatonpm.com,Wheaton Precious Metals Corp.,WPM,TSX
https://www.xanadumines.com,Xanadu Mines Ltd.,XAM,TSX
https://www.xtragold.com,Xtra-Gold Resources Corp.,XTG,TSX
https://www.yorbeauresources.com,Yorbeau Resources Inc.,YRB,TSX
https://www.1844resources.com,1844 Resources Inc.,EFF,TSXV
https://www.1911gold.com,1911 Gold Corporation,AUMB,TSXV
https://www.aisresources.com,A.I.S. Resources Limited,AIS,TSXV
https://www.amemining.com,Abacus Mining & Exploration Corporation,AME,TSXV
https://www.abasca.ca,Abasca Resources Inc.,ABA,TSXV
https://www.abcourt.ca/en/,Abcourt Mines Inc.,ABI,TSXV
https://abenminerals.com,Aben Minerals Ltd.,ABM,TSXV
https://www.abrasilver.com/,AbraSilver Resource Corp.,ABRA,TSXV
https://acdcbatterymetals.com/,AC/DC Battery Metals Inc.,ACDC,TSXV
https://www.adamera.com,Adamera Minerals Corp.,ADZ,TSXV
https://www.adexmining.com,Adex Mining Inc.,ADE,TSXV
https://adytonresources.com,Adyton Resources Corporation,ADY,TSXV
https://aeroenergy.ca,Aero Energy Limited,AERO,TSXV
https://www.afrnuventure.com,AFR NuVenture Resources Inc.,AFR,TSXV
https://aftermathsilver.com,Aftermath Silver Ltd.,AAG,TSXV
https://akwaaba-mining.com,Akwaaba Mining Ltd.,AML,TSXV
https://alaskaenergymetals.com,Alaska Energy Metals Corporation,AEMC,TSXV
https://aldebaranresources.com,Aldebaran Resources Inc.,ALDE,TSXV
https://allegiantgold.com,Allegiant Gold Ltd.,AUAU,TSXV
https://www.alliancemining.com,Alliance Mining Corp.,ALM,TSXV
https://www.almadexminerals.com,Almadex Minerals Ltd.,DEX,TSXV
https://www.aloromining.com,Aloro Mining Corp.,AORO,TSXV
https://www.alpha-exploration.com,Alpha Exploration Ltd.,ALEX,TSXV
https://www.alphaminresources.com,Alphamin Resources Corp.,AFM,TSXV
https://www.altairesources.com,Altai Resources Inc.,ATI,TSXV
https://altair.com/,Altair Resources Inc.,AVX,TSXV
https://www.altamiragold.com,Altamira Gold Corp.,ALTA,TSXV
https://apnmetals.com,Altiplano Metals Inc.,APN,TSXV
https://www.alturasminerals.com,Alturas Minerals Corp.,ALT,TSXV
https://amarcresources.com,Amarc Resources Ltd.,AHR,TSXV
https://www.amaroqminerals.com,Amaroq Minerals Ltd.,AMRQ,TSXV
https://www.americancreek.com,American Creek Resources Ltd.,AMK,TSXV
https://americaneaglegold.ca,American Eagle Gold Corp.,AE,TSXV
https://americanlithiumcorp.com,American Lithium Corp.,LI,TSXV
https://www.amexexploration.com,Amex Exploration Inc.,AMX,TSXV
https://anfieldenergy.com,Anfield Energy Inc.,AEC,TSXV
https://www.angelwingmetals.com,Angel Wing Metals Inc.,AWM,TSXV
https://www.angkorresources.com,Angkor Resources Corp.,ANK,TSXV
https://www.angusgold.com,Angus Gold Inc.,GUS,TSXV
https://www.anortechinc.com,Anortech Inc.,ANOR,TSXV
https://www.antlergold.com,Antler Gold Inc.,ANTL,TSXV
https://www.apxresources.com,Apex Resources Inc.,APX,TSXV
https://www.apogeemineralsltd.com,Apogee Minerals Ltd.,APMI,TSXV
https://apollosilver.com,Apollo Silver Corp.,APGO,TSXV
https://appliedgraphite.com,Applied Graphite Technologies Corporation,AGT,TSXV
https://aranjinresources.com,Aranjin Resources Ltd.,ARJN,TSXV
https://arbormetalscorp.com,Arbor Metals Corp.,ABR,TSXV
,Archon Minerals Limited,ACS,TSXV
https://www.arcticstar.ca,Arctic Star Exploration Corp.,ADD,TSXV
https://arcwestexploration.com,ArcWest Exploration Inc.,AWX,TSXV
https://argentasilver.com,Argenta Silver Corp.,AGAG,TSXV
https://argentinalithium.com,Argentina Lithium & Energy Corp.,LIT,TSXV
https://www.argentumsilvercorp.com,Argentum Silver Corp.,ASL,TSXV
https://www.arianne-inc.com,Arianne Phosphate Inc.,DAN,TSXV
https://www.arizonagoldsilver.com,Arizona Gold & Silver Inc.,AZS,TSXV
https://www.arrasminerals.com,Arras Minerals Corp.,ARK,TSXV
https://www.artemisgoldinc.com,Artemis Gold Inc.,ARTG,TSXV
https://aryaresourcesltd.com,Arya Resources Ltd.,RBZ,TSXV
https://asiabasemetals.com,AsiaBaseMetals Inc.,ABZ,TSXV
https://astonbayholdings.com,Aston Bay Holdings Ltd.,BAY,TSXV
https://www.astra-exploration.com,Astra Exploration Inc.,ASTR,TSXV
https://www.atexresources.com,ATEX Resources Inc.,ATX,TSXV
https://www.athaenergy.com,Atha Energy Corp.,SASK,TSXV
https://www.aticomining.com,Atico Mining Corporation,ATY,TSXV
https://atlassalt.com,Atlas Salt Inc.,SALT,TSXV
https://www.atomicminerals.ca,Atomic Minerals Corporation,ATOM,TSXV
https://www.atonresources.com,Aton Resources Inc.,AAN,TSXV
https://www.augoldcorp.com,AU Gold Corp.,AUGC,TSXV
https://aumegametals.com,AuMega Metals Ltd,AUM,TSXV
https://www.auqgold.com,AuQ Gold Mining Inc.,AUQ,TSXV
https://aurania.com,Aurania Resources Ltd.,ARU,TSXV
https://auricresources.com,Auric Resources Corp.,RES,TSXV
https://www.aurionresources.com,Aurion Resources Ltd.,AU,TSXV
,Aurum Lake Mining Corporation,ARL,TSXV
https://www.australgold.com,Austral Gold Limited,AGLD,TSXV
https://www.avaronmining.com,Avaron Mining Corp.,AVR,TSXV
https://www.avidiangold.com,Avidian Gold Corp.,AVG,TSXV
https://avrupaminerals.com,Avrupa Minerals Ltd.,AVU,TSXV
https://awaleresources.ca,Awale Resources Limited,ARIC,TSXV
https://azargametals.com,Azarga Metals Corp.,AZR,TSXV
https://www.azimut-exploration.com,Azimut Exploration Inc.,AZM,TSXV
https://www.azincourtenergy.com,Azincourt Energy Corp.,AAZ,TSXV
https://aztecminerals.com,Aztec Minerals Corp.,AZT,TSXV
https://azucarminerals.com,Azucar Minerals Ltd.,AMZ,TSXV
https://badlandsresources.com,Badlands Resources Inc.,BLDS,TSXV
https://banyangold.com,Banyan Gold Corp.,BYN,TSXV
https://www.barksdaleresources.com,Barksdale Resources Corp.,BRO,TSXV
https://baroyeca.com,Baroyeca Gold & Silver Inc.,BGS,TSXV
https://barugold.com,Baru Gold Corp.,BARU,TSXV
https://baselode.com,Baselode Energy Corp.,FIND,TSXV
https://baterogold.com,Batero Gold Corp.,BAT,TSXV
https://www.bathurstmetalscorp.com,Bathurst Metals Corp.,BMV,TSXV
https://www.bmrcorp.com,Battery Mineral Resources Corp.,BMR,TSXV
https://bayhorsesilver.com,Bayhorse Silver Inc.,BHS,TSXV
https://www.bcmoly.com,BC Moly Ltd.,BM,TSXV
https://www.bcmresources.com,BCM Resources Corporation,B,TSXV
https://www.bearcreekmining.com,Bear Creek Mining Corporation,BCM,TSXV
https://www.beaucegold.com,Beauce Gold Fields Inc.,BGF,TSXV
https://bedfordmetals.com,Bedford Metals Corp.,BFM,TSXV
https://www.bellcopper.net,Bell Copper Corporation,BCU,TSXV
https://www.belmontresources.com,Belmont Resources Inc.,BEA,TSXV
https://www.bemetalscorp.com,BeMetals Corp.,BMET,TSXV
https://www.bentonresources.ca,Benton Resources Inc.,BEX,TSXV
https://www.benzmining.com,Benz Mining Corp.,BZ,TSXV
https://www.bessorminerals.com,Bessor Minerals Inc.,BST,TSXV
https://www.bigridgegold.com,Big Ridge Gold Corp.,BRAU,TSXV
https://aurcrest.ca,Big Tree Carbon Inc.,BIGT,TSXV
https://www.bitterrootresources.com,Bitterroot Resources Ltd.,BTT,TSXV
https://www.blackmammothmetals.com,Black Mammoth Metals Corporation,BMM,TSXV
https://www.blackrocksilver.com,Blackrock Silver Corp.,BRC,TSXV
https://www.blendesilver.com,Blende Silver Corp.,BAG,TSXV
https://bluemoonmetals.com,Blue Moon Metals Inc.,MOON,TSXV
https://blueskyuranium.com,Blue Sky Uranium Corp.,BSK,TSXV
https://bluestargold.ca,Blue Star Gold Corp.,BAU,TSXV
https://bocanaresources.com,Bocana Resources Corp.,BOCA,TSXV
https://www.boldventuresinc.com,Bold Ventures Inc.,BOL,TSXV
https://www.americanbonanza.com/s/Home.html,Bonanza Mining Corporation,BNZ,TSXV
https://btrgold.com,Bonterra Resources Inc.,BTR,TSXV
https://borealismining.com,Borealis Mining Company Limited,BOGO,TSXV
https://boronone.com,Boron One Holdings Inc.,BONE,TSXV
https://www.bravadagold.com,Bravada Gold Corporation,BVA,TSXV
https://www.bravomining.com,Bravo Mining Corp.,BRVO,TSXV
https://brixtonmetals.com,Brixton Metals Corporation,BBB,TSXV
https://www.broncoresources.com,Bronco Resources Corp.,BRON,TSXV
https://www.brwexplo.ca,Brunswick Exploration Inc.,BRW,TSXV
https://www.btumetals.com,BTU Metals Corp.,BTU,TSXV
https://www.bulgold.com,Bulgold Inc.,ZLTO,TSXV
https://www.bulliongold.ca,Bullion Gold Resources Corp.,BGD,TSXV
https://www.bunkerhillmining.com,Bunker Hill Mining Corp.,BNKR,TSXV
https://bwrexploration.com,BWR Exploration Inc.,BWR,TSXV
https://www.c3metals.com,C3 Metals Inc.,CCCM,TSXV
https://www.cabralgold.com,Cabral Gold Inc.,CBR,TSXV
https://callinex.ca,Callinex Mines Inc.,CNX,TSXV
https://www.caminocorp.com,Camino Minerals Corporation,COR,TSXV
https://www.canadacarbon.com,Canada Carbon Inc.,CCB,TSXV
https://canadanickel.com,Canada Nickel Company Inc.,CNC,TSXV
https://www.canadaonemining.com,Canada One Mining Corp.,CONE,TSXV
https://www.canadarareearth.com,Canada Rare Earth Corp.,LL,TSXV
https://canadiancriticalmineralsinc.com,Canadian Critical Minerals Inc.,CCMI,TSXV
https://canadiangoldcorp.com,Canadian Gold Corp.,CGC,TSXV
https://www.cdngold.com,Canadian Gold Resources Ltd.,CAN,TSXV
https://cnresources.com,Canadian North Resources Inc.,CNRI,TSXV
https://cpsglass.com,Canadian Premium Sand Inc.,CPS,TSXV
https://www.canafinvestments.com,Canaf Investments Inc.,CAF,TSXV
https://www.canalaska.com,Canalaska Uranium Ltd.,CVV,TSXV
https://candelariamining.com,Candelaria Mining Corp.,CAND,TSXV
https://canexmetals.ca,Canex Metals Inc.,CANX,TSXV
https://www.canickel.com,CaNickel Mining Limited,CML,TSXV
https://www.canoemining.ca,Canoe Mining Ventures Corp.,CLV,TSXV
https://www.canstarresources.com,Canstar Resources Inc.,ROX,TSXV
https://canterraminerals.com,Canterra Minerals Corporation,CTM,TSXV
https://www.cantex.ca,Cantex Mine Development Corp.,CD,TSXV
https://canucresources.ca,Canuc Resources Corporation,CDA,TSXV
https://capellaminerals.com,Capella Minerals Limited,CMIL,TSXV
https://www.capitansilver.com,Capitan Silver Corp.,CAPT,TSXV
https://cariboorose.com,Cariboo Rose Resources Ltd.,CRB,TSXV
https://carlingold.com,Carlin Gold Corporation,CGD,TSXV
https://www.nubianr.com,Carlton Precious Inc.,CPI,TSXV
https://thecarolinarush.com,Carolina Rush Corporation,RUSH,TSXV
https://ressourcescartier.com,Cartier Resources Inc.,ECR,TSXV
https://www.casaminerals.com,Casa Minerals Inc.,CASA,TSXV
https://www.cascadero.com,Cascadero Copper Corporation,CCD,TSXV
https://www.cascadiaminerals.com,Cascadia Minerals Ltd.,CAM,TSXV
https://cassiargold.com,Cassiar Gold Corp.,GLDC,TSXV
https://cblt.info/,CBLT Inc.,CBLT,TSXV
https://centenariogold.com,Centenario Gold Corp.,CTG,TSXV
https://www.centralironorelimited.com,Central Iron Ore Limited,CIO,TSXV
https://www.centurionminerals.com,Centurion Minerals Ltd.,CTN,TSXV
https://www.centurylithium.com,Century Lithium Corp.,LCE,TSXV
https://www.cerradogold.com,Cerrado Gold Inc.,CERT,TSXV
https://www.ceylongraphite.com,Ceylon Graphite Corp.,CYL,TSXV
https://chakanacopper.com,Chakana Copper Corp.,PERU,TSXV
https://www.championbear.com,Champion Bear Resources Ltd.,CBA,TSXV
https://www.rockphosphate.co.nz,Chatham Rock Phosphate Limited,NZP,TSXV
https://chesapeakegold.com,Chesapeake Gold Corp.,CKG,TSXV
https://www.chibougamaumines.com,Chibougamau Independent Mines Inc.,CBG,TSXV
https://www.churchillresources.com,Churchill Resources Inc.,CRI,TSXV
https://www.cleanairmetals.ca,Clean Air Metals Inc.,AIR,TSXV
https://www.transition.inc,Clean Energy Transition Inc.,TRAN,TSXV
https://cleantechvanadium.com,Cleantech Vanadium Mining Corp.,CTV,TSXV
https://www.cleghornminerals.com,Cleghorn Minerals Ltd.,CZZ,TSXV
https://cmcmetals.ca,CMC Metals Ltd.,CMB,TSXV
https://coastcoppercorp.com,Coast Copper Corp.,COCO,TSXV
https://colibriresource.com,Colibri Resource Corporation,CBI,TSXV
https://www.ccoal.ca,Colonial Coal International Corp.,CAD,TSXV
https://colossusresources.com,Colossus Resources Corp.,CLUS,TSXV
https://cometlithium.com,Comet Lithium Corporation,CLIC,TSXV
https://www.commanderresources.com,Commander Resources Ltd.,CMD,TSXV
https://www.commerceresources.com,Commerce Resources Corp.,CCE,TSXV
https://compassgoldcorp.com,Compass Gold Corporation,CVB,TSXV
https://www.condorresources.com,Condor Resources Inc.,CN,TSXV
https://coniagas.com/,Coniagas Battery Metals Inc.,COS,TSXV
https://conquestresources.com,Conquest Resources Limited,CQR,TSXV
https://consolidatedlithium.com,Consolidated Lithium Metals Inc.,CLM,TSXV
https://www.copaur.com,CopAur Minerals Inc.,CPAU,TSXV
https://copperfoxmetals.com,Copper Fox Metals Inc.,CUU,TSXV
https://copperlakeresources.com,Copper Lake Resources Ltd.,CPL,TSXV
https://copperroad.ca,Copper Road Resources Inc.,CRD,TSXV
https://coppercorpinc.com,CopperCorp Resources Inc.,CPER,TSXV
https://copperexcorp.com,CopperEx Resources Corporation,CUEX,TSXV
https://www.cordobaminerals.com,Cordoba Minerals Corp.,CDB,TSXV
https://www.cornishmetals.com,Cornish Metals Inc.,CUSN,TSXV
https://cosaresources.ca,Cosa Resources Corp.,COSA,TSXV
https://www.cecorp.ca,Critical Elements Lithium Corporation,CRE,TSXV
https://culicometals.com/,Culico Metals Inc.,CLCO,TSXV
https://www.cygnusmetals.com,Cygnus Metals Limited,CYG,TSXV
https://d2lithium.com,D2 Lithium Corp.,DTWO,TSXV
https://www.dauragold.com,Daura Gold Corp.,DGC,TSXV
https://decaderesources.ca,Decade Resources Ltd.,DEC,TSXV
https://www.defensemetals.com,Defense Metals Corp.,DEFN,TSXV
https://www.defiancesilver.com,Defiance Silver Corp.,DEF,TSXV
https://www.deltaresources.ca,Delta Resources Limited,DLTA,TSXV
https://www.desertgold.ca,Desert Gold Ventures Inc.,DAU,TSXV
https://dfrgold.com,DFR Gold Inc.,DFR,TSXV
https://www.diamcormining.com,Diamcor Mining Inc.,DMI,TSXV
https://dineroventures.com,Dinero Ventures Ltd.,DNO,TSXV
https://www.diosexplo.com,Dios Exploration Inc.,DOS,TSXV
https://discoveryharbour.com,Discovery Harbour Resources Corp.,DHR,TSXV
https://www.discovery-corp.com/,Discovery-Corp Enterprises Inc.,DCY,TSXV
https://www.districtcoppercorp.com,District Copper Corp.,DCOP,TSXV
https://www.districtmetals.com,District Metals Corp.,DMX,TSXV
https://www.dixiegold.ca,Dixie Gold Inc.,DG,TSXV
https://dlpresourcesinc.com,DLP Resources Inc.,DLP,TSXV
https://dollyvardensilver.com,Dolly Varden Silver Corporation,DV,TSXV
https://www.doubleview.ca,Doubleview Gold Corp.,DBG,TSXV
https://drydengold.com/,Dryden Gold Corp.,DRY,TSXV
https://www.durangoresourcesinc.com,Durango Resources Inc.,DGO,TSXV
https://dynastygoldcorp.com,Dynasty Gold Corp.,DYG,TSXV
https://www.e2gold.ca,E2Gold Inc.,ETU,TSXV
https://www.e3lithium.ca,E3 Lithium Ltd.,ETL,TSXV
https://www.eagleplains.com,Eagle Plains Resources Ltd.,EPL,TSXV
https://eastafricametals.com,East Africa Metals Inc.,EAM,TSXV
https://www.eastfieldresources.com,Eastfield Resources Ltd.,ETF,TSXV
https://www.edisonlithium.com,Edison Lithium Corp.,EDDY,TSXV
https://www.edmresources.com,EDM Resources Inc.,EDM,TSXV
https://egrexploration.com,EGR Exploration Ltd.,EGR,TSXV
https://www.elcoracorp.com,Elcora Advanced Materials Corp.,ERA,TSXV
https://electrabmc.com,Electra Battery Materials Corporation,ELBM,TSXV
https://electricmetals.com,Electric Metals (USA) Limited,EML,TSXV
https://www.electricroyalties.com,Electric Royalties Ltd.,ELEC,TSXV
https://www.electrumdiscovery.com,Electrum Discovery Corp.,ELY,TSXV
https://www.e29copper.com,Element 29 Resources Inc.,ECU,TSXV
https://www.elementalaltus.com,Elemental Altus Royalties Corp.,ELE,TSXV
https://emergentmetals.com,Emergent Metals Corp.,EMR,TSXV
https://www.emeritaresources.com,Emerita Resources Corp.,EMO,TSXV
https://eminentgoldcorp.com,Eminent Gold Corp.,EMNT,TSXV
https://www.empiremetalscorp.com,Empire Metals Corp.,EP,TSXV
https://empressroyalty.com,Empress Royalty Corp.,EMPR,TSXV
https://emxroyalty.com,EMX Royalty Corporation,EMX,TSXV
https://www.encoreuranium.com,enCore Energy Corp.,EU,TSXV
https://endurancegold.com,Endurance Gold Corporation,EDG,TSXV
https://endurometals.com,Enduro Metals Corporation,ENDR,TSXV
https://www.enerev5.com,Enerev5 Metals Inc.,ENEV,TSXV
https://engineergoldmines.com,Engineer Gold Mines Ltd.,EAU,TSXV
https://engold.ca,Engold Mines Ltd.,EGM,TSXV
https://www.eonlithiumcorp.com,EON Lithium Corp.,EON,TSXV
https://www.equitymetalscorporation.com,Equity Metals Corporation,EQTY,TSXV
https://www.erosresourcescorp.com/,Eros Resources Corp.,ERC,TSXV
https://www.eskaymining.com,Eskay Mining Corp.,ESK,TSXV
https://etech-resources.com,E-Tech Resources Inc.,REE,TSXV
https://www.mn25.ca,Euro Manganese Inc.,EMN,TSXV
https://www.euromaxresources.com,Euromax Resources Ltd.,EOX,TSXV
,European Electric Metals Inc.,EVX,TSXV
https://www.evnickel.com,EV Nickel Inc.,EVNI,TSXV
https://www.evergoldcorp.ca,Evergold Corp.,EVER,TSXV
,ExGen Resources Inc.,EXG,TSXV
https://www.f3uranium.com,F3 Uranium Corp.,FUU,TSXV
https://www.fairchildgold.com,Fairchild Gold Corp.,FAIR,TSXV
https://www.falcores.com,Falco Resources Ltd.,FPC,TSXV
https://www.falconem.net,Falcon Energy Materials PLC,FLCN,TSXV
https://www.falcongold.ca,Falcon Gold Corp.,FG,TSXV
https://www.fancamp.ca,Fancamp Exploration Ltd.,FNC,TSXV
https://www.fidelityminerals.com,Fidelity Minerals Corp.,FMN,TSXV
https://finlayminerals.com,Finlay Minerals Ltd.,FYL,TSXV
https://www.firefoxgold.com,FireFox Gold Corp.,FFOX,TSXV
https://fireweedmetals.com,Fireweed Metals Corp.,FWZ,TSXV
https://www.firstandes.com,First Andes Silver Ltd.,FAS,TSXV
https://www.fanickel.com,First Atlantic Nickel Corp.,FAN,TSXV
https://www.fnmetals.com,First Nordic Metals Corp.,FNM,TSXV
https://fitzroyminerals.com,Fitzroy Minerals Inc.,FTZ,TSXV
https://www.fjordlandex.com,Fjordland Exploration Inc.,FEX,TSXV
https://www.focusgraphite.com,Focus Graphite Inc.,FMS,TSXV
https://fokusmining.com,Fokus Mining Corporation,FKM,TSXV
https://www.ftjminerals.com,Fort St. James Nickel Corp.,FTJ,TSXV
https://fortunebaycorp.com,Fortune Bay Corp.,FOR,TSXV
https://www.forumenergymetals.com,Forum Energy Metals Corp.,FMC,TSXV
https://fdrmetals.com,Founders Metals Inc.,FDR,TSXV
https://www.fpxnickel.com,FPX Nickel Corp.,FPX,TSXV
https://www.fredoniamanagement.com,Fredonia Mining Inc.,FRED,TSXV
https://www.freemangoldcorp.com,Freeman Gold Corp.,FMAN,TSXV
https://www.freeportresources.com,Freeport Resources Inc.,FRI,TSXV
https://www.frontierlithium.com,Frontier Lithium Inc.,FL,TSXV
https://www.fuertemetals.com,Fuerte Metals Corporation,FMT,TSXV
https://www.fullmetalminerals.com,Full Metal Minerals Ltd.,FMM,TSXV
https://fusebatterymetals.com,Fuse Battery Metals Inc.,FUSE,TSXV
https://futurefuelsinc.com,Future Fuels Inc.,FTUR,TSXV
https://www.gettgold.com,G.E.T.T. Gold Inc.,GETT,TSXV
https://www.mdl-innovations.com,Gabo Mining Ltd.,GAB,TSXV
https://www.gabrielresources.com,Gabriel Resources Ltd.,GBU,TSXV
https://galantas.com,Galantas Gold Corporation,GAL,TSXV
https://galleongold.com,Galleon Gold Corp.,GGO,TSXV
https://www.galoreresources.com,Galore Resources Inc.,GRI,TSXV
https://galwaymetalsinc.com,Galway Metals Inc.,GWM,TSXV
https://www.garibaldiresources.com,Garibaldi Resources Corp.,GGI,TSXV
https://generationuranium.com,Generation Uranium Inc.,GEN,TSXV
https://gensourcepotash.ca,Gensource Potash Corporation,GSP,TSXV
https://geomega.ca,Geomega Resources Inc.,GMA,TSXV
https://www.gettycopper.com,Getty Copper Inc.,GTC,TSXV
https://www.gfgresources.com,GFG Resources Inc.,GFG,TSXV
https://www.gglresourcescorp.com,GGL Resources Corp.,GGL,TSXV
https://ggxgold.com,GGX Gold Corp.,GGX,TSXV
https://gigametals.com,Giga Metals Corporation,GIGA,TSXV
https://www.giyanimetals.com,Giyani Metals Corp.,EMM,TSXV
https://glacierlake.ca/,Glacier Lake Resources Inc.,GLI,TSXV
https://www.gladiatormetals.com,Gladiator Metals Corp.,GLAD,TSXV
https://www.barrons.com/market-data/stocks/ger?countrycode=ca,Glen Eagle Resources Inc.,GER,TSXV
https://gbml.ca,Global Battery Metals Ltd.,GBML,TSXV
https://www.globalcoppercorporation.com,Global Copper Corp.,CUCU,TSXV
https://www.globalenergymetals.com,Global Energy Metals Corporation,GEMC,TSXV
https://www.gmvminerals.com,GMV Minerals Inc.,GMV,TSXV
https://www.golcondagold.com,Golconda Gold Ltd.,GG,TSXV
https://www.goldbasincorp.com,Gold Basin Resources Corporation,GXX,TSXV
https://goldbull.ca,Gold Bull Resources Corp.,GBRC,TSXV
https://www.goldreserveinc.com,Gold Reserve Inc.,GRZ,TSXV
https://goldterracorp.com,Gold Terra Resource Corp.,YGT,TSXV
https://www.goldbankmining.com,Goldbank Mining Corporation,GLB,TSXV
https://www.goldcliff.com,Goldcliff Resource Corporation,GCN,TSXV
https://www.goldenarrowresources.com,Golden Arrow Resources Corporation,GRG,TSXV
https://www.goldengoliath.com,Golden Goliath Resources Ltd.,GNG,TSXV
https://www.goldpursuit.ca,Golden Pursuit Resources Ltd.,GDP,TSXV
https://www.goldenridgeresources.com/,Golden Ridge Resources Ltd.,GLDN,TSXV
https://goldenskyminerals.com,Golden Sky Minerals Corp.,AUEN,TSXV
https://goldex.ca,Goldex Resources Corporation,GDX,TSXV
https://www.goldflare.ca,Goldflare Exploration Inc.,GOFL,TSXV
https://goldgroupmining.com,Goldgroup Mining Inc.,GGA,TSXV
https://www.goldhills.co,Goldhills Holdings Ltd.,GHL,TSXV
https://www.goldonresources.com,GoldON Resources Ltd.,GLD,TSXV
https://www.goldquestcorp.com,GoldQuest Mining Corp.,GQC,TSXV
https://goldshoreresources.com,Goldshore Resources Inc.,GSHR,TSXV
https://www.goldstormmetals.com,Goldstorm Metals Corp.,GSTM,TSXV
https://www.goliathresourcesltd.com,Goliath Resources Limited,GOT,TSXV
https://gossan.ca,Gossan Resources Limited,GSS,TSXV
https://www.goviex.com,GoviEx Uranium Inc.,GXU,TSXV
https://gpmmetals.com,GPM Metals Inc.,GPM,TSXV
https://www.grsilvermining.com,GR Silver Mining Ltd.,GRSL,TSXV
https://granadagoldmine.com,Granada Gold Mine Inc.,GGM,TSXV
https://www.grandeportage.com,Grande Portage Resources Ltd.,GPG,TSXV
https://www.gcxcopper.com,Granite Creek Copper Ltd.,GCX,TSXV
https://www.graphano.com,Graphano Energy Ltd.,GEL,TSXV
https://www.graphiteoneinc.com,Graphite One Inc.,GPH,TSXV
https://www.gratomic.ca,Gratomic Inc.,GRAT,TSXV
https://greatatlanticresources.com,Great Atlantic Resources Corp.,GR,TSXV
https://www.greatpacificgoldcorp.com,Great Pacific Gold Corp.,GPAC,TSXV
https://www.greatquest.com,Great Quest Gold Ltd.,GQ,TSXV
https://www.greenbatteryminerals.com,Green Battery Minerals Inc.,GEM,TSXV
https://greenmininginnovation.ca/en/,Green Mining Innovation Inc.,GMI,TSXV
https://www.greenshiftcommodities.com,Green Shift Commodities Ltd.,GCOM,TSXV
https://greencastle.ltd,Greencastle Resources Ltd.,VGN,TSXV
https://www.greenheartgold.com/,Greenheart Gold Inc.,GHRT,TSXV
https://www.gridbatterymetals.com,Grid Battery Metals Inc.,CELL,TSXV
https://gridmetalscorp.com,Grid Metals Corp.,GRDM,TSXV
https://www.grit-metals.com/,Grit Metals Corp.,FIN,TSXV
https://www.grizzlydiscoveries.com,Grizzly Discoveries Inc.,GZD,TSXV
https://www.gvrresource.com,Grosvenor Resource Corporation,GVR,TSXV
https://www.groundedlithium.com,Grounded Lithium Corp.,GRD,TSXV
https://www.groupelevenresources.com,Group Eleven Resources Corp.,ZNG,TSXV
https://www.gspresource.com,GSP Resource Corp.,GSPR,TSXV
https://www.gtresourcesinc.com,GT Resources Inc.,GT,TSXV
https://www.gsilver.com,Guanajuato Silver Company Ltd.,GSVR,TSXV
https://www.gungnirresources.com,Gungnir Resources Inc.,GUG,TSXV
https://www.gunpointexploration.com,Gunpoint Exploration Ltd.,GUN,TSXV
,Guyana Goldstrike Inc.,GYA,TSXV
https://halconespreciousmetals.com,Halcones Precious Metals Corp.,HPM,TSXV
https://www.hannanmetals.com,Hannan Metals Ltd.,HAN,TSXV
https://hanstonegold.com,Hanstone Gold Corp.,HANS,TSXV
https://www.happycreekminerals.com,Happy Creek Minerals Ltd.,HPY,TSXV
https://www.harfangexploration.com,Harfang Exploration Inc.,HAR,TSXV
https://www.harvestgoldcorp.com,Harvest Gold Corp.,HVG,TSXV
https://hawkeyegold.com,Hawkeye Gold & Diamond Inc.,HAWK,TSXV
https://www.fremontgold.net,Hayasa Metals Inc.,HAY,TSXV
https://www.heliostarmetals.com,Heliostar Metals Ltd.,HSTR,TSXV
https://www.heliusminerals.com,Helius Minerals Limited,HHH,TSXV
https://herculesmetals.com,Hercules Metals Corp.,BIG,TSXV
https://www.highbankresources.com,Highbank Resources Ltd.,HBK,TSXV
https://www.highlandcopper.com,Highland Copper Company Inc.,HI,TSXV
https://highway50gold.com,Highway 50 Gold Corp.,HWY,TSXV
https://hispaniaresources.com,Hispania Resources Inc.,ESPN,TSXV
https://homelandnickel.com,Homeland Nickel Inc.,SHL,TSXV
https://homerunresources.com,Homerun Resources Inc.,HMR,TSXV
https://honeybadgersilver.com,Honey Badger Silver Inc.,TUF,TSXV
https://www.horizoncopper.com,Horizon Copper Corp.,HCU,TSXV
https://www.hotchili.net.au,Hot Chili Limited,HCH,TSXV
https://www.huntsmanx.com,Huntsman Exploration Inc.,HMAN,TSXV
https://iberomining.ca/,Ibero Mining Corp.,IMC,TSXV
https://www.iconicminerals.com,Iconic Minerals Ltd.,ICM,TSXV
https://iemrresources.com,IEMR Resources Inc.,IRI,TSXV
https://www.imaginelithium.com,Imagine Lithium Inc.,ILI,TSXV
https://www.imetalresources.ca,iMetal Resources Inc.,IMR,TSXV
https://impactsilver.com,IMPACT Silver Corp.,IPT,TSXV
https://www.ingold.ca,Independence Gold Corp.,IGO,TSXV
https://www.indigoexploration.com,Indigo Exploration Inc.,IXI,TSXV
https://www.infieldminerals.com,Infield Minerals Corp.,INFD,TSXV
https://www.infinicometals.com,Infinico Metals Corp.,INFM,TSXV
https://www.infinitumcopper.com,Infinitum Copper Corp.,INFI,TSXV
https://inominmines.com,Inomin Mines Inc.,MINE,TSXV
https://www.integraresources.com,Integra Resources Corp.,ITR,TSXV
https://www.iconicgold.com,International Iconic Gold Exploration Corp.,ICON,TSXV
https://www.internationallithium.ca,International Lithium Corp.,ILC,TSXV
https://internationalmetalscorp.com,International Metals Mining Corp.,IMM,TSXV
https://iprospectventures.ca,International Prospect Ventures Ltd.,IZZ,TSXV
https://internationalzeolite.com,International Zeolite Corp.,IZ,TSXV
https://www.interrockminerals.com,Inter-Rock Minerals Inc.,IRO,TSXV
https://www.intrepidmetals.com,Intrepid Metals Corp.,INTR,TSXV
https://www.inventusmining.com,Inventus Mining Corp.,IVS,TSXV
https://www.inzincmining.com,InZinc Mining Ltd.,IZN,TSXV
https://www.itafos.com,Itafos Inc.,IFOS,TSXV
https://www.jadeleader.ca,Jade Leader Corp.,JADE,TSXV
https://www.japangold.com,Japan Gold Corp.,JG,TSXV
https://jaydenresources.com,Jayden Resources Inc.,JDN,TSXV
https://jervoisglobal.com,Jervois Global Limited,JRV,TSXV
https://ca.finance.yahoo.com/quote/JHC.V/,Jinhua Capital Corporation,JHC,TSXV
https://juggernautexploration.com,Juggernaut Exploration Ltd.,JUGR,TSXV
https://jzrgold.com,JZR Gold Inc.,JZR,TSXV
https://www.k2gold.com,K2 Gold Corporation,KTO,TSXV
https://www.k9goldcorp.com,K9 Gold Corp.,KNC,TSXV
https://kalogoldcorp.com,Kalo Gold Corp.,KALO,TSXV
https://kapagold.com,KAPA Gold Inc.,KAPA,TSXV
https://www.kenorlandminerals.com,Kenorland Minerals Ltd.,KLD,TSXV
https://kermode.xyz,Kermode Resources Ltd.,KLM,TSXV
https://kesselrunresources.com,Kesselrun Resources Ltd.,KES,TSXV
https://www.kestrelgold.com,Kestrel Gold Inc.,KGC,TSXV
https://www.kibokogold.com,Kiboko Gold Inc.,KIB,TSXV
https://kincoracopper.com,Kincora Copper Limited,KCC,TSXV
https://www.kingfishermetals.com,Kingfisher Metals Corp.,KFR,TSXV
https://www.kingmanminerals.com,Kingman Minerals Ltd.,KGS,TSXV
https://www.kingsmenresources.com,Kingsmen Resources Ltd.,KNG,TSXV
https://www.kintavar.com,Kintavar Exploration Inc.,KTR,TSXV
https://kiplinmetals.com,Kiplin Metals Inc.,KIP,TSXV
https://www.kirklandlakediscoveries.com,Kirkland Lake Discoveries Corp.,KLDC,TSXV
https://www.klondikegoldcorp.com,Klondike Gold Corp.,KG,TSXV
https://klondikesilver.com,Klondike Silver Corp.,KS,TSXV
https://www.koboresources.com,Kobo Resources Inc.,KRI,TSXV
https://kodiakcoppercorp.com,Kodiak Copper Corp.,KDK,TSXV
https://kootenaysilver.com/,Kootenay Resources Inc.,KTRI,TSXV
https://www.kootenaysilver.com,Kootenay Silver Inc.,KTN,TSXV
https://koremining.com,KORE Mining Ltd.,KORE,TSXV
https://koryxcopper.com,Koryx Copper Inc.,KRY,TSXV
,Kubera Gold Corp.,KBRA,TSXV
https://kutcho.ca,Kutcho Copper Corp.,KC,TSXV
https://www.labradorgold.com,Labrador Gold Corp.,LAB,TSXV
https://lahontangoldcorp.com,Lahontan Gold Corp.,LG,TSXV
https://lakevictoriagold.com,Lake Victoria Gold Ltd.,LVG,TSXV
https://www.lakewinn.ca,Lake Winn Resources Corp.,LWR,TSXV
https://www.laraexploration.com,Lara Exploration Ltd.,LRA,TSXV
https://www.latin-metals.com,Latin Metals Inc.,LMS,TSXV
https://www.laurion.ca,Laurion Mineral Exploration Inc.,LME,TSXV
https://www.lavrasgold.com,Lavras Gold Corp.,LGC,TSXV
https://www.leadingedgematerials.com,Leading Edge Materials Corp.,LEM,TSXV
https://legacygoldmines.com,Legacy Gold Mines Ltd.,LEGY,TSXV
https://leviathangold.com,Leviathan Gold Ltd.,LVX,TSXV
https://www.liberocopper.com,Libero Copper & Gold Corporation,LBC,TSXV
https://www.li-ft.com,Li-FT Power Ltd.,LIFT,TSXV
https://www.lincolnmining.com,Lincoln Gold Mining Inc.,LMG,TSXV
https://www.liononemetals.com,Lion One Metals Limited,LIO,TSXV
https://www.lionrockresources.com,Lion Rock Resources Inc.,ROAR,TSXV
https://lithiumchile.ca,Lithium Chile Inc.,LITH,TSXV
https://lithiumenergi.com,Lithium Energi Exploration Inc.,LEXI,TSXV
https://www.ionenergy.ca,Lithium Ion Energy Ltd.,ION,TSXV
https://lithiumionic.com,Lithium Ionic Corp.,LTH,TSXV
https://www.lithiumonemetals.com,Lithium One Metals Inc.,LONE,TSXV
https://www.lithiumsouth.com,Lithium South Development Corporation,LIS,TSXV
https://www.lithiumbank.ca,LithiumBank Resources Corp.,LBNK,TSXV
https://www.stratabound.com,Lode Gold Resources Inc.,LOD,TSXV
https://lodestarmetals.ca,Lodestar Metals Corp.,LSTR,TSXV
https://www.lomiko.com,Lomiko Metals Inc.,LMR,TSXV
https://losandescopper.com,Los Andes Copper Limited,LA,TSXV
https://lucamining.com,Luca Mining Corp.,LUCA,TSXV
https://www.luckyminerals.com/,Lucky Minerals Inc.,LKY,TSXV
https://luminagold.com,Lumina Gold Corp.,LUM,TSXV
https://www.lupakagold.com,Lupaka Gold Corp.,LPK,TSXV
https://www.m3metalscorp.com,M3 Metals Corp.,MT,TSXV
https://www.macarthurminerals.com,Macarthur Minerals Limited,MMS,TSXV
https://www.macdonaldmines.com,MacDonald Mines Exploration Ltd.,BMK,TSXV
https://madorometals.com,Madoro Metals Corp.,MDM,TSXV
https://magnamining.com,Magna Mining Inc.,NICU,TSXV
https://www.magnaterraminerals.com,Magna Terra Minerals Inc.,MTT,TSXV
https://magnumgoldcorp.com,Magnum Goldcorp Inc.,MGI,TSXV
https://majesticgold.com,Majestic Gold Corp.,MJS,TSXV
https://www.makominingcorp.com,Mako Mining Corp.,MKO,TSXV
https://www.mammothresources.ca,Mammoth Resources Corp.,MTH,TSXV
https://www.manganesexenergycorp.com,Manganese X Energy Corp.,MN,TSXV
https://www.maplegoldmines.com,Maple Gold Mines Ltd.,MGM,TSXV
https://www.margaretdiamonds.com/,Margaret Lake Diamonds Inc.,DIA,TSXV
https://www.maritimeresourcescorp.com,Maritime Resources Corp.,MAE,TSXV
https://marveldiscovery.ca,Marvel Discovery Corp.,MARV,TSXV
https://www.masivosilver.com,Masivo Silver Corp.,MASS,TSXV
,"Matachewan Consolidated Mines, Limited",MCM,TSXV
https://mawsonfinland.com,Mawson Finland Limited,MFL,TSXV
https://www.maxresource.com,MAX Resource Corp.,MAX,TSXV
https://www.mayfairgold.ca,Mayfair Gold Corp.,MFG,TSXV
https://www.melkior.com,Melkior Resources Inc.,MKR,TSXV
https://metalenergy.ca,Metal Energy Corp.,MERG,TSXV
https://cortusmetals.com,Metalero Mining Corp.,MLO,TSXV
https://metalexventures.com,Metalex Ventures Ltd.,MTX,TSXV
https://www.metallaroyalty.com,Metalla Royalty & Streaming Ltd.,MTA,TSXV
https://www.metallic-minerals.com,Metallic Minerals Corp.,MMG,TSXV
https://www.metallisresources.com,Metallis Resources Inc.,MTS,TSXV
https://www.metalquestmining.com,Metalquest Mining Inc.,MQM,TSXV
https://www.metalscreek.com,Metals Creek Resources Corp.,MEK,TSXV
https://www.mexicangold.ca,Mexican Gold Mining Corp.,MEX,TSXV
https://www.midlandexploration.com,Midland Exploration Inc.,MD,TSXV
https://www.midnightsunmining.com,Midnight Sun Mining Corp.,MMA,TSXV
https://www.millennialpotash.com,Millennial Potash Corp.,MLP,TSXV
https://www.immc.ca,Millennium Silver Corp.,MSC,TSXV
https://minaurum.com,Minaurum Gold Inc.,MGG,TSXV
https://mincocapitalcorp.com/,Minco Capital Corp.,MMM,TSXV
https://www.mineraalamos.com,Minera Alamos Inc.,MAI,TSXV
https://mhi.mineralhill.com,Mineral Hill Industries Ltd.,MHI,TSXV
https://orbec.ca,Mines Dâ€™or Orbec Inc.,BLUE,TSXV
https://www.minkventures.com,Mink Ventures Corporation,MINK,TSXV
https://minnovacorp.ca,Minnova Corp.,MCI,TSXV
https://www.minsud.com,Minsud Resources Corp.,MSR,TSXV
https://www.mirasolresources.com,Mirasol Resources Ltd.,MRZ,TSXV
https://mithrilsilvergold.com,Mithril Silver and Gold Limited,MSG,TSXV
https://mkango.ca,Mkango Resources Ltd.,MKA,TSXV
https://mogotesmetals.com,Mogotes Metals Inc.,MOG,TSXV
https://www.monarcaminerals.com,Monarca Minerals Inc.,MMN,TSXV
https://www.montagegold.com,Montage Gold Corp.,MAU,TSXV
https://www.montaukmetalsinc.com,Montauk Metals Inc.,MTK,TSXV
https://www.monteromining.com,Montero Mining and Exploration Ltd.,MON,TSXV
https://monumentmining.com,Monument Mining Limited,MMY,TSXV
https://www.monumentalminerals.com,Monumental Energy Corp.,MNRG,TSXV
https://moonrivermoly.com,Moon River Moly Ltd.,MOO,TSXV
https://morienres.com,Morien Resources Corp.,MOX,TSXV
https://www.geniusmetals.com,Morocco Strategic Minerals Corporation,MCC,TSXV
https://www.mtb-metals.com,MTB Metals Corp.,MTB,TSXV
https://multimetdev.com/,Multi-Metal Development Ltd.,MLY,TSXV
https://www.mundoro.com,Mundoro Capital Inc.,MUN,TSXV
https://murchisonminerals.ca,Murchison Minerals Ltd.,MUR,TSXV
https://www.namibiacriticalmetals.com,Namibia Critical Metals Inc.,NMI,TSXV
https://nationsroyalty.ca,Nations Royalty Corp.,NRC,TSXV
https://neoterrex.com,Neoterrex Minerals Inc.,NTX,TSXV
https://www.nevadaking.ca,Nevada King Gold Corp.,NKG,TSXV
https://nevadalithium.com,Nevada Lithium Resources Inc.,NVLH,TSXV
https://www.nevadasunrise.ca,Nevada Sunrise Metals Corporation,NEV,TSXV
https://nevadazinc.com/,Nevada Zinc Corporation,NZN,TSXV
https://nev-gold.com,Nevgold Corp.,NAU,TSXV
https://www.newagemetals.com,New Age Metals Inc.,NAM,TSXV
https://newdestinymining.com,New Destiny Mining Corp.,NED,TSXV
https://www.new-enrg.com,New Energy Metals Corp.,ENRG,TSXV
https://newfoundgold.ca,New Found Gold Corp.,NFG,TSXV
,New Tymbal Resources Ltd.,NTB,TSXV
https://www.newcoregold.com,Newcore Gold Ltd.,NCAU,TSXV
https://newport-exploration.com,Newport Exploration Ltd.,NWX,TSXV
https://nexgold.com,NeXGold Mining Corp.,NEXG,TSXV
https://nxs.gold,Nexus Gold Corp.,NXS,TSXV
https://nicanltd.com,NiCan Limited,NICN,TSXV
https://www.nickel28.com,Nickel 28 Capital Corp.,NKL,TSXV
https://www.nickelcreekplatinum.com,Nickel Creek Platinum Corp.,NCP,TSXV
https://www.nickelnorthexploration.com,Nickel North Exploration Corp.,NNX,TSXV
https://nickelexresource.com,Nickelex Resource Corporation,NICK,TSXV
https://nicolamining.com,Nicola Mining Inc.,NIM,TSXV
https://niometauxstrategiques.com,Nio Strategic Metals Inc.,NIO,TSXV
https://www.niobaymetals.com,Niobay Metals Inc.,NBY,TSXV
https://www.noalithium.com,NOA Lithium Brines Inc.,NOAL,TSXV
https://nobel-resources.com,Nobel Resources Corp.,NBLC,TSXV
https://noblemineralexploration.com,Noble Mineral Exploration Inc.,NOB,TSXV
https://www.noramlithiumcorp.com,Noram Lithium Corp.,NRM,TSXV
https://www.nordpreciousmetals.com,Nord Precious Metals Mining Inc.,NTH,TSXV
https://www.nordencrownmetals.com,Norden Crown Metals Corporation,NOCR,TSXV
https://www.norrlandgold.com,Norrland Gold Corp.,NORR,TSXV
https://nortecminerals.com,Nortec Minerals Corp.,NVT,TSXV
https://www.northarrowminerals.com,North Arrow Minerals Inc.,NAR,TSXV
https://northpeakresources.com,North Peak Resources Ltd.,NPR,TSXV
https://www.northshoreuranium.com,North Shore Uranium Ltd.,NSU,TSXV
https://www.northerngraphite.com,Northern Graphite Corporation,NGC,TSXV
https://www.northernliongold.com,Northern Lion Gold Corp.,NL,TSXV
https://www.northern-shield.com,Northern Shield Resources Inc.,NRN,TSXV
https://nsuperior.com,Northern Superior Resources Inc.,SUP,TSXV
https://www.northisle.ca,NorthIsle Copper and Gold Inc.,NCX,TSXV
https://northwestcopper.ca,Northwest Copper Corp.,NWST,TSXV
https://www.nulegacygold.com,Nulegacy Gold Corporation,NUG,TSXV
https://www.nuvauminerals.com,Nuvau Minerals Inc.,NMC,TSXV
https://nvgoldcorp.com,NV Gold Corporation,NVX,TSXV
https://www.o3mining.com,O3 Mining Inc.,OIII,TSXV
https://www.oceanicironore.com,Oceanic Iron Ore Corp.,FEO,TSXV
https://www.olivut.ca,Olivut Resources Ltd.,OLV,TSXV
https://www.omaigoldmines.com,OMAI Gold Mines Corp.,OMG,TSXV
https://www.ominecaminingandmetals.com,Omineca Mining and Metals Ltd.,OMM,TSXV
https://ongoldresources.com/,OnGold Resources Ltd.,ONAU,TSXV
https://onyxgold.com,Onyx Gold Corp.,ONYX,TSXV
https://opawica.com,Opawica Explorations Inc.,OPW,TSXV
https://www.ophirmetals.com,Ophir Metals Corp.,OPHR,TSXV
https://www.essexminerals.com,Optegra Ventures Inc.,OPTG,TSXV
https://www.opusoneresources.com,Opus One Gold Corporation,OOR,TSXV
https://oracleholding.com/,Oracle Commodity Holding Corp.,ORCL,TSXV
https://orestone.ca,Orestone Mining Corp.,ORS,TSXV
https://www.orexminerals.com,Orex Minerals Inc.,REX,TSXV
https://www.orocoresourcecorp.com,Oroco Resource Corp.,OCO,TSXV
https://www.orogenroyalties.com,Orogen Royalties Inc.,OGN,TSXV
https://www.orosur.ca,Orosur Mining Inc.,OMI,TSXV
https://osiskodev.com,Osisko Development Corp.,ODV,TSXV
https://osiskometals.com,Osisko Metals Incorporated,OM,TSXV
https://outcropsilver.com,Outcrop Silver & Gold Corporation,OCG,TSXV
https://www.p2gold.com,P2 Gold Inc.,PGLD,TSXV
https://brigadiergold.ca,Pace Metals Ltd.,PACE,TSXV
https://www.pacificbayminerals.com,Pacific Bay Minerals Ltd.,PBM,TSXV
https://www.pacificbooker.com,Pacific Booker Minerals Inc.,BKM,TSXV
https://pemcorp.ca,Pacific Empire Minerals Corp.,PEMC,TSXV
https://www.pacificimperialmines.com,Pacific Imperial Mines Inc.,PPM,TSXV
https://www.pacificridgeexploration.com,Pacific Ridge Exploration Ltd.,PEX,TSXV
https://www.palamina.com,Palamina Corp.,PA,TSXV
https://www.pambilinrc.com,Pambili Natural Resources Corporation,PNN,TSXV
https://www.panglobalresources.com,Pan Global Resources Inc.,PGZ,TSXV
https://www.panoro.com,Panoro Minerals Ltd.,PML,TSXV
https://panterasilver.com,Pantera Silver Corp.,PNTR,TSXV
https://www.pasofinogold.com,Pasofino Gold Limited,VEIN,TSXV
https://patagoniagold.com,Patagonia Gold Corp.,PGDC,TSXV
https://www.pattersonmetals.com,Patterson Metals Corp.,PAT,TSXV
https://www.pegasusresourcesinc.com,Pegasus Resources Inc.,PEGA,TSXV
https://pelangio.com,Pelangio Exploration Inc.,PX,TSXV
https://www.peruvianmetals.com,Peruvian Metals Corp.,PER,TSXV
https://www.phenomresources.com,Phenom Resources Corp.,PHNM,TSXV
https://www.pinnaclesilverandgold.com,Pinnacle Silver and Gold Corp.,PINN,TSXV
https://pjxresources.com,PJX Resources Inc.,PJX,TSXV
https://plminerals.com,Plata Latina Minerals Corporation,PLA,TSXV
https://www.platogold.com,Plato Gold Corp.,PGC,TSXV
https://playfairmining.com,Playfair Mining Ltd.,PLY,TSXV
https://www.portofinoresources.com,Portofino Resources Inc.,POR,TSXV
https://www.powergroupproject.com,Power Group Projects Corp.,PGP,TSXV
https://powermetalscorp.com,Power Metals Corp.,PWM,TSXV
https://www.powermetallic.com,Power Nickel Inc.,PNPN,TSXV
https://p1rc.com/,Power One Resources Corp.,PWRO,TSXV
https://ppxmining.com,PPX Mining Corp.,PPX,TSXV
https://www.precipitategold.com,Precipitate Gold Corp.,PRG,TSXV
https://premierur.com,Premier American Uranium Inc.,PUR,TSXV
https://premiumresources.com,Premium Resources Ltd.,PREM,TSXV
https://www.millbankmining.com,Primary Hydrogen Corp.,HDRO,TSXV
,ProAm Explorations Corporation,PMX,TSXV
https://prospectormetalscorp.com,Prospector Metals Corp.,PPP,TSXV
https://prospergoldcorp.com,Prosper Gold Corp.,PGX,TSXV
https://providencegold.com,Providence Gold Mines Inc.,PHD,TSXV
https://explorationpuma.com,Puma Exploration Inc.,PUMA,TSXV
https://pureenergyminerals.com,Pure Energy Minerals Limited,PE,TSXV
https://purepoint.ca,Purepoint Uranium Group Inc.,PTU,TSXV
https://www.purewavehydrogen.com,Purewave Hydrogen Corp.,PWH,TSXV
https://www.q2metals.com,Q2 Metals Corp.,QTWO,TSXV
https://qcxgold.com,QCX Gold Corp.,QCX,TSXV
https://www.forbesmanhattan.com/portfolio/q-gold-resources-ltd,Q-Gold Resources Ltd.,QGR,TSXV
https://qmcminerals.com,QMC Quantum Minerals Corp.,QMC,TSXV
https://quadroresources.com,Quadro Resources Ltd.,QRO,TSXV
https://www.quartzmountainresources.com,Quartz Mountain Resources Ltd.,QZM,TSXV
https://www.qpmcorp.ca,Quebec Precious Metals Corporation,QPM,TSXV
https://quetzalcopper.com,Quetzal Copper Corp.,Q,TSXV
https://quri-mayu.ca,Quri-Mayu Developments Ltd.,QURI,TSXV
https://racklametals.com,Rackla Metals Inc.,RAK,TSXV
https://www.radissonmining.com,Radisson Mining Resources Inc.,RDS,TSXV
https://www.radiusgold.com,Radius Gold Inc.,RDU,TSXV
https://www.rmroyalty.com,Rainy Mountain Royalty Corp.,RMO,TSXV
https://www.rampmetals.com,Ramp Metals Inc.,RAMP,TSXV
https://rancherogold.com,Ranchero Gold Corp.,RNCH,TSXV
https://www.rathdowneyresources.com,Rathdowney Resources Ltd.,RTH,TSXV
https://www.recordgoldcorp.com,Record Resources Inc.,REC,TSXV
https://redpineexp.com,Red Pine Exploration Inc.,RPX,TSXV
https://regency-silver.com,Regency Silver Corp.,RSMX,TSXV
https://www.regulusresources.com,Regulus Resources Inc.,REG,TSXV
https://relevantgoldcorp.com,Relevant Gold Corp.,RGC,TSXV
https://www.renegadegold.com,Renegade Gold Inc.,RAGE,TSXV
https://www.resouro.com,Resouro Strategic Metals Inc.,RSM,TSXV
https://revexploration.com,Rev Exploration Corp.,REVX,TSXV
https://revival-gold.com,Revival Gold Inc.,RVG,TSXV
https://www.rexresourcescorp.com,Rex Resources Corp.,OWN,TSXV
https://reynasilver.com,Reyna Silver Corp.,RSLV,TSXV
https://rhyoliteresources.com,Rhyolite Resources Ltd.,RYE,TSXV
https://richmondminerals.com,Richmond Minerals Inc.,RMD,TSXV
https://www.ridgelineminerals.com,Ridgeline Minerals Corp.,RDG,TSXV
https://ridgestonemining.com,Ridgestone Mining Inc.,RMI,TSXV
https://www.rileygoldcorp.com,Riley Gold Corp.,RLYG,TSXV
https://www.riosilverinc.com,Rio Silver Inc.,RYO,TSXV
https://www.rio2.com,Rio2 Limited,RIO,TSXV
https://www.rivres.com,Riverside Resources Inc.,RRI,TSXV
https://www.rjkexplorations.com/,RJK Explorations Ltd.,RJX,TSXV
https://www.robexgold.com,Robex Resources Inc.,RBX,TSXV
https://rochesterresourcesltd.com,Rochester Resources Ltd.,RCT,TSXV
https://www.rocktechlithium.com,Rock Tech Lithium Inc.,RCK,TSXV
https://www.rockhavenresources.com,Rockhaven Resources Ltd.,RK,TSXV
https://www.rokmaster.com,Rokmaster Resources Corp.,RKR,TSXV
https://www.romios.com,Romios Gold Resources Inc.,RG,TSXV
https://roscan.ca,Roscan Gold Corporation,ROS,TSXV
https://route109resources.com,Route 109 Resources Inc.,RTE,TSXV
https://www.rovercriticalminerals.com,Rover Critical Minerals Corp.,ROVR,TSXV
https://www.royalroadminerals.com,Royal Road Minerals Limited,RYR,TSXV
https://www.rtmcorp.com,RT Minerals Corp.,RTM,TSXV
https://ruagold.com,Rua Gold Inc.,RUA,TSXV
https://www.rugbyresourcesltd.com,Rugby Resources Ltd.,RUG,TSXV
https://rusoro.com,Rusoro Mining Ltd.,RML,TSXV
https://www.sableresources.com,Sable Resources Ltd.,SAE,TSXV
https://sagametals.com,Saga Metals Corp.,SAGA,TSXV
https://www.sagepotash.com,Sage Potash Corp.,SAGE,TSXV
https://www.sailfishroyalty.com,Sailfish Royalty Corp.,FISH,TSXV
https://salazarresources.com,Salazar Resources Limited,SRL,TSXV
https://www.samaresources.com,Sama Resources Inc.,SME,TSXV
https://www.sanlorenzogold.com,San Lorenzo Gold Corp.,SLG,TSXV
https://www.sanatanaresources.com,Sanatana Resources Inc.,STA,TSXV
https://www.sandfireamerica.com,Sandfire Resources America Inc.,SFR,TSXV
https://santacruzsilver.com,Santacruz Silver Mining Ltd.,SCZ,TSXV
https://www.saramaresources.com,Sarama Resources Ltd.,SWA,TSXV
https://www.scandium-canada.com,Scandium Canada Ltd.,SCD,TSXV
https://scorpiogold.com,Scorpio Gold Corporation,SGN,TSXV
https://scottieresources.com,Scottie Resources Corp.,SCOT,TSXV
https://searchminerals.ca/,Search Minerals Inc.,SMY,TSXV
https://www.searchlightresources.com,Searchlight Resources Inc.,SCLT,TSXV
https://seasifx.com,Seasif Exploration Inc.,SAF,TSXV
https://segoresources.com,Sego Resources Inc.,SGZ,TSXV
,Select Sands Corp.,SNS,TSXV
https://senderoresources.com,Sendero Resources Corp.,SEND,TSXV
,Sherpa II Holdings Corp.,SHRP,TSXV
https://www.siennaresources.com,Sienna Resources Inc.,SIE,TSXV
https://sierramadregoldandsilver.com,Sierra Madre Gold and Silver Ltd.,SM,TSXV
https://www.sigmalithiumresources.com,Sigma Lithium Corporation,SGML,TSXV
https://www.signatureresources.ca,Signature Resources Ltd.,SGU,TSXV
https://www.silverbulletmines.com,Silver Bullet Mines Corp.,SBMI,TSXV
https://www.silvergrail.com,Silver Grail Resources Ltd.,SVG,TSXV
https://agmr.ca,Silver Mountain Resources Inc.,AGMR,TSXV
https://silvernorthres.com,Silver North Resources Ltd.,SNAG,TSXV
https://www.silverone.com,Silver One Resources Inc.,SVE,TSXV
https://www.silverpredator.com,Silver Predator Corp.,SPD,TSXV
https://www.silverrangeresources.com,Silver Range Resources Ltd.,SNG,TSXV
https://silverspruceresources.com,Silver Spruce Resources Inc.,SSE,TSXV
https://silverstorm.ca,Silver Storm Mining Ltd.,SVRS,TSXV
https://silvertigermetals.com,Silver Tiger Metals Inc.,SLVR,TSXV
https://www.silvervalleymetals.com,Silver Valley Metals Corp.,SILV,TSXV
https://www.silverviperminerals.com,Silver Viper Minerals Corp.,VIPR,TSXV
https://silverwolfexploration.com,Silver Wolf Exploration Ltd.,SWLF,TSXV
https://www.silverxmining.com,Silver X Mining Corp.,AGX,TSXV
https://www.silver47.ca/,Silver47 Exploration Corp.,AGA,TSXV
https://sirios.com,Sirios Resources Inc.,SOI,TSXV
https://www.sitkagoldcorp.com,Sitka Gold Corp.,SIG,TSXV
https://skrr.ca,SKRR Exploration Inc.,SKRR,TSXV
https://www.skygoldcorp.com,Sky Gold Corp.,SKYG,TSXV
https://skyharbourltd.com,Skyharbour Resources Ltd.,SYH,TSXV
https://www.slamexploration.com,SLAM Exploration Ltd.,SXL,TSXV
https://smoothrockventures.com,Smooth Rock Ventures Corp.,SMRV,TSXV
https://snowlinegold.com,Snowline Gold Corp.,SGD,TSXV
https://www.sokomanmineralscorp.com,Sokoman Minerals Corp.,SIC,TSXV
https://solisminerals.com,Solis Minerals Ltd.,SLMN,TSXV
https://www.solsticegold.com,Solstice Gold Corp.,SGC,TSXV
https://www.somagoldcorp.com,Soma Gold Corp.,SOMA,TSXV
https://www.sonorancopper.com,Sonoran Desert Copper Corporation,SDCU,TSXV
https://sonorogold.com,Sonoro Gold Corp.,SGO,TSXV
https://www.southatlanticgold.com,South Atlantic Gold Inc.,SAO,TSXV
https://www.southpacificmetalscorp.com,South Pacific Metals Corp.,SPMC,TSXV
https://www.southstarbatterymetals.com,South Star Battery Metals Corp.,STS,TSXV
https://www.southerncrossgold.com.au,Southern Cross Gold Consolidated Ltd.,SXGC,TSXV
https://www.smp.gold,Southern Empire Resources Corp.,SMP,TSXV
https://southernsilverexploration.com,Southern Silver Exploration Corp.,SSV,TSXV
https://www.southgobi.com,SouthGobi Resources Ltd.,SGQ,TSXV
https://southstoneminerals.com/,Southstone Minerals Limited,SML,TSXV
https://spanishmountaingold.com,Spanish Mountain Gold Ltd.,SPA,TSXV
https://www.spartonres.ca,Sparton Resources Inc.,SRI,TSXV
https://spcnickel.com,SPC Nickel Corp.,SPC,TSXV
https://www.srqexploration.com,SRQ Resources Inc.,SRQ,TSXV
https://www.stjamesgold.com,St. James Gold Corp.,LORD,TSXV
https://www.stakeholdergold.com,Stakeholder Gold Corp.,SRC,TSXV
https://www.stallionuranium.com,Stallion Uranium Corp.,STUD,TSXV
https://www.standardlithium.com,Standard Lithium Ltd.,SLI,TSXV
https://standarduranium.ca,Standard Uranium Ltd.,STND,TSXV
https://www.starroyalties.com,Star Royalties Ltd.,STRR,TSXV
https://www.starrpeakminingltd.com,Starr Peak Mining Ltd.,STE,TSXV
https://www.stellarafricagold.com,Stellar AfricaGold Inc.,SPX,TSXV
https://stelmine.com,Stelmine Canada LtÃ©e / Stelmine Canada Ltd.,STH,TSXV
https://sterlingmetals.ca,Sterling Metals Corp.,SAG,TSXV
https://www.criticalminerals.com,Stillwater Critical Minerals Corp.,PGE,TSXV
https://stingerresources.com,Stinger Resources Inc.,STNG,TSXV
https://www.stormex.ca,Storm Exploration Inc.,STRM,TSXV
https://www.strategicmetalsltd.com,Strategic Metals Ltd.,SMD,TSXV
https://strategic-res.com,Strategic Resources Inc.,SR,TSXV
https://strathmoreplus.com,Strathmore Plus Uranium Corp.,SUU,TSXV
https://strialithium.com,Stria Lithium Inc.,SRA,TSXV
https://strikepointgold.com,Strikepoint Gold Inc.,SKP,TSXV
https://stroudsilver.com,Stroud Resources Ltd.,SDR,TSXV
https://www.stuhini.com,Stuhini Exploration Ltd.,STU,TSXV
https://stuvegoldcorp.ca,Stuve Gold Corp.,STUV,TSXV
https://summasilver.com,Summa Silver Corp.,SSVR,TSXV
https://www.sunpeakmetals.com,Sun Peak Metals Corp.,PEAK,TSXV
https://sunsummitminerals.com,Sun Summit Minerals Corp.,SMN,TSXV
https://superiormininginternational.com,Superior Mining International Corporation,SUI,TSXV
https://surgebatterymetals.com,Surge Battery Metals Inc.,NILI,TSXV
https://www.surgecopper.com,Surge Copper Corp.,SURG,TSXV
https://syllagold.com,Sylla Gold Corp.,SYG,TSXV
https://t2metals.com,T2 Metals Corp.,TWO,TSXV
https://www.tacticalresources.com,Tactical Resources Corp.,RARE,TSXV
https://tajirigold.com,Tajiri Resources Corp.,TAJ,TSXV
https://www.taranisresources.com,Taranis Resources Inc.,TRO,TSXV
https://www.tarkuresources.com,Tarku Resources Ltd.,TKU,TSXV
https://www.tauragold.com,Taura Gold Inc.,TORA,TSXV
https://tdggold.com,TDG Gold Corp.,TDG,TSXV
,Tearlach Resources Limited,TEA,TSXV
https://www.tectonicmetals.com,Tectonic Metals Inc.,TECT,TSXV
https://teras.ca/,Teras Resources Inc.,TRA,TSXV
https://tesorominerals.com,Tesoro Minerals Corp.,TES,TSXV
https://www.teuton.com,Teuton Resources Corp.,TUO,TSXV
https://www.truenorthgems.com,TGX Energy & Resources Inc.,TGX,TSXV
https://www.themacresourcesgroup.com,Themac Resources Group Limited,MAC,TSXV
https://thesisgold.com,Thesis Gold Inc.,TAU,TSXV
https://www.thorexpl.com,Thor Explorations Ltd.,THX,TSXV
https://thundergoldcorp.com,Thunder Gold Corp.,TGOL,TSXV
https://www.thundermountaingold.com,"Thunder Mountain Gold, Inc.",THM,TSXV
https://thunderbirdminerals.ca,Thunderbird Minerals Corp.,BIRD,TSXV
https://thunderstruck.ca,Thunderstruck Resources Ltd.,AWE,TSXV
https://www.tieronesilver.com,Tier One Silver Inc.,TSLV,TSXV
https://tincorp.com,Tincorp Metals Inc.,TIN,TSXV
https://www.tinkaresources.com,Tinka Resources Limited,TK,TSXV
https://tinone.ca,TinOne Resources Inc.,TORC,TSXV
,Tintina Mines Ltd.,TTS,TSXV
https://tnrgoldcorp.com,TNR Gold Corp.,TNR,TSXV
https://www.tomagoldcorp.com,TomaGold Corporation,LOT,TSXV
https://tombillmines.com,Tombill Mines Limited,TBLL,TSXV
https://www.torqresources.com,Torq Resources Inc.,TORQ,TSXV
https://torrmetals.com,Torr Metals Inc.,TMET,TSXV
https://www.towerresources.ca,Tower Resources Ltd.,TWR,TSXV
https://www.trailbreakerresources.com,Trailbreaker Resources Ltd.,TBK,TSXV
https://www.transatlanticminingcorp.com,Transatlantic Mining Corp.,TCO,TSXV
,Transforma Resources Corporation,TFM,TSXV
https://www.transitionmetalscorp.com,Transition Metals Corp.,XTM,TSXV
https://www.tres-or.com,Tres-Or Resources Ltd.,TRS,TSXV
https://tribecaresources.com,Tribeca Resources Corporation,TRBC,TSXV
https://www.trifectagold.com,Trifecta Gold Ltd.,TG,TSXV
https://www.trigonmetals.com,Trigon Metals Inc.,TM,TSXV
https://www.tristargold.com,Tristar Gold Inc.,TSG,TSXV
https://triumphgoldcorp.com,Triumph Gold Corp.,TIG,TSXV
https://www.troubadourresources.com,Troubadour Resources Inc.,TR,TSXV
https://www.trupreciousmetals.com,TRU Precious Metals Corp.,TRU,TSXV
https://www.tsodiloresources.com,Tsodilo Resources Limited,TSD,TSXV
https://tudor-gold.com,Tudor Gold Corp.,TUD,TSXV
https://tukturesources.com,Tuktu Resources Ltd.,TUK,TSXV
https://www.turmalinametals.com,Turmalina Metals Corp.,TBX,TSXV
https://www.tvipacific.com,TVI Pacific Inc.,TVI,TSXV
https://ucore.com,Ucore Rare Metals Inc.,UCU,TSXV
https://www.ultralithium.com,Ultra Lithium Inc.,ULT,TSXV
https://www.unigoldinc.com,Unigold Inc.,UGD,TSXV
https://urz3.com,URZ3 Energy Corp.,URZ,TSXV
https://uscoppercorp.com,US Copper Corp.,USCU,TSXV
https://www.usharesources.com,Usha Resources Ltd.,USHA,TSXV
https://www.valdormining.com,Val-D'Or Mining Corporation,VZZ,TSXV
https://valhallametals.com,Valhalla Metals Inc.,VMXX,TSXV
https://www.valkea.ca,Valkea Resources Corp.,OZ,TSXV
,Valleyview Resources Ltd.,VVR,TSXV
https://www.valoremetals.com,ValOre Metals Corp.,VO,TSXV
https://www.vanadiumcorp.com,VanadiumCorp Resource Inc.,VRB,TSXV
,Vantex Resources Ltd.,VAX,TSXV
https://www.vaticventures.com,Vatic Ventures Corp.,VCV,TSXV
https://www.velocityminerals.com,Velocity Minerals Ltd.,VLC,TSXV
https://veloxenergymaterials.com.au,Velox Energy Materials Inc.,VLX,TSXV
https://vendettaminingcorp.com,Vendetta Mining Corp.,VTT,TSXV
https://www.venerableventures.ca,Venerable Ventures Ltd.,VLV,TSXV
https://vertxinc.com,Vertical Exploration Inc.,VERT,TSXV
https://vior.ca,Vior Inc.,VIO,TSXV
https://viridianmetals.com/,Viridian Metals Inc.,VRDN,TSXV
https://viscountmining.com,Viscount Mining Corp.,VML,TSXV
https://www.visiblegoldmines.com,Visible Gold Mines Inc.,VGD,TSXV
https://www.visionlithium.com,Vision Lithium inc.,VLI,TSXV
https://visionarymetalscorp.com,Visionary Metals Corp.,VIZ,TSXV
https://vivagoldcorp.com,Viva Gold Corp.,VAU,TSXV
https://vizslacopper.com,Vizsla Copper Corp.,VCU,TSXV
https://www.vizslaroyalties.com,Vizsla Royalties Corp.,VROY,TSXV
https://www.volgold.com,Volcanic Gold Mines Inc.,VG,TSXV
https://voltcarbontech.com,Volt Carbon Technologies Inc.,VCT,TSXV
https://voltlithium.com,Volt Lithium Corp.,VLT,TSXV
https://vortexmetals.ca,Vortex Metals Inc.,VMS,TSXV
https://voyageurpharmaceuticals.ca,Voyageur Pharmaceuticals Ltd.,VM,TSXV
https://www.vrr.ca,VR Resources Ltd.,VRR,TSXV
https://vulcanminerals.ca,Vulcan Minerals Inc.,VUL,TSXV
https://www.vvcresources.com,VVC Exploration Corp.,VVC,TSXV
https://wrrgold.com,Walker River Resources Corp.,WRR,TSXV
https://www.wasecoresources.com,Waseco Resources Inc.,WRI,TSXV
https://wealthminerals.com,Wealth Minerals Ltd.,WML,TSXV
https://www.wescangoldfields.com,Wescan Goldfields Inc.,WGF,TSXV
https://www.whyresources.com,West High Yield (W.H.Y.) Resources Ltd.,WHY,TSXV
https://westpointgold.com,West Point Gold Corp.,WPG,TSXV
https://www.westredlakegold.com,West Red Lake Gold Mines Ltd.,WRLG,TSXV
https://www.westvaultmining.com,West Vault Mining Inc.,WVM,TSXV
https://www.westernalaskaminerals.com,Western Alaska Minerals Corp.,WAM,TSXV
https://www.westernexploration.com,Western Exploration Inc.,WEX,TSXV
https://www.westerngoldexploration.com,Western Gold Exploration Ltd.,WGLD,TSXV
https://www.westernmetallicacorp.com,Western Metallica Resources Corp.,WMS,TSXV
https://www.westhavengold.com,Westhaven Gold Corp.,WHN,TSXV
https://www.westkamgoldcorp.com,WestKam Gold Corp.,WKG,TSXV
https://www.whitegoldcorp.ca,White Gold Corp.,WGO,TSXV
https://whitemudresources.com,Whitemud Resources Inc.,WMK,TSXV
https://wildskyresources.com,Wildsky Resources Inc.,WSK,TSXV
https://winshear.com,Winshear Gold Corp.,WINS,TSXV
https://www.wolfdenresources.com,Wolfden Resources Corporation,WLF,TSXV
https://worldcopperltd.com,World Copper Ltd.,WCU,TSXV
https://xaligold.com,Xali Gold Corp.,XGC,TSXV
https://xanderresources.ca,Xander Resources Inc.,XND,TSXV
https://www.xauresources.com,XAU Resources Inc.,GIG,TSXV
https://www.ximenminingcorp.com,Ximen Mining Corp.,XIM,TSXV
https://www.xploreresources.com,Xplore Resources Corp.,XPLR,TSXV
https://xxix.ca,XXIX Metal Corp.,XXIX,TSXV
https://www.zacatecassilver.com,Zacatecas Silver Corp.,ZAC,TSXV
https://www.zebnickel.com,ZEB Nickel Corp.,ZBNI,TSXV
https://www.zentek.com,Zentek Ltd.,ZEN,TSXV
https://www.zephyrminerals.com,Zephyr Minerals Ltd.,ZFR,TSXV
https://www.zincxresources.com,Zincx Resources Corp.,ZNX,TSXV
https://zodiac-gold.com,Zodiac Gold Inc.,ZAU,TSXV
https://www.zontemetals.com,Zonte Metals Inc.,ZON,TSXV
